fecha,indicativo,nombre,provincia,altitud,tmed,prec,tmin,horatmin,tmax,horatmax,dir,velmedia,racha,horaracha,hrMedia,hrMax,horaHrMax,hrMin,horaHrMin,pintMax,horaPIntMax
2022-01-01,3182Y,ARGANDA DEL REY,MADRID,533,9.2,0.0,-0.2,07:52,18.7,15:14,5.0,"1,1","3,1",20:40,76.0,98.0,08:20,49.0,15:20,"1,2",05:05
2022-01-02,3182Y,ARGANDA DEL REY,MADRID,533,8.8,0.0,0.3,07:48,17.3,15:38,4.0,"0,6","2,5",23:10,78.0,96.0,08:40,57.0,15:40,"0,0",
2022-01-03,3182Y,ARGANDA DEL REY,MADRID,533,8.6,0.0,1.9,05:21,15.3,15:19,24.0,"0,8","4,7",14:00,81.0,96.0,Varias,62.0,14:20,"0,0",
2022-01-04,3182Y,ARGANDA DEL REY,MADRID,533,8.0,3.2,0.8,03:41,15.3,14:11,26.0,"2,5","17,5",15:50,84.0,98.0,09:10,63.0,14:20,"9,6",15:45
2022-01-05,3182Y,ARGANDA DEL REY,MADRID,533,6.4,3.8,2.7,07:58,10.2,14:05,28.0,"2,2","8,3",12:30,74.0,93.0,Varias,55.0,14:20,"3,6",20:15
2022-01-06,3182Y,ARGANDA DEL REY,MADRID,533,4.2,0.0,-1.4,07:56,9.8,15:42,99.0,"1,4","3,6",Varias,80.0,97.0,09:50,61.0,14:40,"1,2",02:05
2022-01-07,3182Y,ARGANDA DEL REY,MADRID,533,5.0,0.0,-2.1,07:00,12.1,14:08,35.0,"1,1","8,9",16:00,75.0,94.0,Varias,55.0,15:50,"0,0",
2022-01-08,3182Y,ARGANDA DEL REY,MADRID,533,2.6,0.0,-3.2,07:31,8.4,15:34,24.0,"1,4","5,3",17:20,84.0,95.0,Varias,72.0,15:20,"0,0",
2022-01-09,3182Y,ARGANDA DEL REY,MADRID,533,6.4,0.0,-1.6,04:19,14.5,13:42,27.0,"4,7","15,3",13:00,76.0,97.0,Varias,59.0,13:30,"0,0",
2022-01-10,3182Y,ARGANDA DEL REY,MADRID,533,9.8,0.0,3.2,06:01,16.4,14:21,36.0,"2,2","9,7",15:00,74.0,98.0,08:40,56.0,15:10,"0,0",
2022-01-11,3182Y,ARGANDA DEL REY,MADRID,533,8.7,0.0,0.4,07:31,17.0,14:35,36.0,"1,4","7,8",15:00,71.0,98.0,09:40,49.0,14:50,"0,0",
2022-01-12,3182Y,ARGANDA DEL REY,MADRID,533,7.0,0.0,-1.0,05:39,15.0,15:09,35.0,"0,8","5,0",10:10,64.0,96.0,08:50,39.0,15:20,"0,0",
2022-01-13,3182Y,ARGANDA DEL REY,MADRID,533,4.8,0.0,-2.3,02:54,11.8,13:39,11.0,"0,8","6,4",13:40,68.0,88.0,23:50,51.0,16:00,"0,0",
2022-01-14,3182Y,ARGANDA DEL REY,MADRID,533,3.8,0.0,-3.4,07:28,11.1,14:48,99.0,"1,9","6,1",12:50,64.0,93.0,08:20,45.0,13:50,"0,0",
2022-01-15,3182Y,ARGANDA DEL REY,MADRID,533,3.3,0.0,-3.9,07:10,10.5,15:04,20.0,"0,3","3,6",14:10,71.0,91.0,08:20,48.0,15:40,"0,0",
2022-01-16,3182Y,ARGANDA DEL REY,MADRID,533,4.0,0.0,-3.9,07:42,11.8,14:57,7.0,"0,6","3,3",21:20,71.0,92.0,Varias,47.0,14:50,"0,0",
2022-01-17,3182Y,ARGANDA DEL REY,MADRID,533,4.6,0.0,-3.4,06:43,12.7,16:00,6.0,"0,8","3,3",14:40,67.0,93.0,08:20,44.0,14:50,"0,0",
2022-01-18,3182Y,ARGANDA DEL REY,MADRID,533,5.6,0.0,-3.9,06:56,15.2,16:28,4.0,"0,6","4,7",11:50,62.0,89.0,Varias,35.0,15:40,"0,0",
2022-01-19,3182Y,ARGANDA DEL REY,MADRID,533,4.9,0.0,-5.1,07:29,14.9,15:31,8.0,"0,6","3,3",10:20,55.0,87.0,08:10,28.0,Varias,"0,0",
2022-01-20,3182Y,ARGANDA DEL REY,MADRID,533,4.6,0.0,-4.8,06:00,13.9,14:34,6.0,"1,7","10,0",12:20,59.0,91.0,08:40,39.0,15:50,"0,0",
2022-01-21,3182Y,ARGANDA DEL REY,MADRID,533,3.6,0.0,-3.4,Varias,10.5,15:17,2.0,"1,4","8,3",14:10,59.0,93.0,08:30,35.0,16:20,"0,0",
2022-01-22,3182Y,ARGANDA DEL REY,MADRID,533,4.7,0.0,-2.9,04:03,12.3,14:55,2.0,"1,1","5,0",11:00,60.0,83.0,22:40,48.0,15:40,"0,0",
2022-01-23,3182Y,ARGANDA DEL REY,MADRID,533,4.8,0.0,-2.9,07:54,12.4,15:16,36.0,"0,8","4,2",11:40,69.0,93.0,08:20,53.0,15:20,"0,0",
2022-01-24,3182Y,ARGANDA DEL REY,MADRID,533,4.6,0.0,-0.8,06:10,9.9,Varias,6.0,"0,8","4,2",13:20,69.0,91.0,Varias,54.0,Varias,"0,0",
2022-01-25,3182Y,ARGANDA DEL REY,MADRID,533,7.2,0.0,1.8,23:29,12.5,13:38,14.0,"1,4","6,1",11:40,61.0,79.0,Varias,49.0,16:40,"0,0",
2022-01-26,3182Y,ARGANDA DEL REY,MADRID,533,5.5,0.0,-2.9,07:18,13.9,15:23,13,"0,8","6,4",16:00,70,93,08:30,53,15:30,"0,0",
2022-01-27,3182Y,ARGANDA DEL REY,MADRID,533,7.1,0.0,-1.8,07:24,16.0,16:24,07,"0,8","3,6",09:30,55,87,06:20,27,16:30,"0,0",
2022-01-28,3182Y,ARGANDA DEL REY,MADRID,533,,0.0,,,,,,,,,,,,,,"0,0",
2022-01-29,3182Y,ARGANDA DEL REY,MADRID,533,7.6,0.0,-3.4,06:29,18.5,15:32,08,"1,1","4,2",15:30,41,70,06:30,19,Varias,"0,0",
2022-01-30,3182Y,ARGANDA DEL REY,MADRID,533,7.4,0.0,-4.3,07:25,19.2,15:36,08,"0,8","3,6",09:50,45,73,07:30,20,15:10,"0,0",
2022-01-31,3182Y,ARGANDA DEL REY,MADRID,533,7.0,0.0,-4.1,07:15,18.0,15:29,36.0,"1,7","12,8",20:40,43.0,80.0,08:10,24.0,15:20,"0,0",
2022-02-01,3182Y,ARGANDA DEL REY,MADRID,533,10.6,0.0,4.1,07:42,17.1,14:12,4.0,"3,3","13,3",13:30,52.0,72.0,Varias,39.0,13:00,"0,0",
2022-02-02,3182Y,ARGANDA DEL REY,MADRID,533,10.4,0.0,0.1,05:25,20.6,15:19,6.0,"0,8","3,9",00:30,62.0,91.0,Varias,36.0,15:20,"0,0",
2022-02-03,3182Y,ARGANDA DEL REY,MADRID,533,8.6,0.0,-1.6,06:20,18.9,15:30,26.0,"1,9","5,3",16:10,62.0,89.0,05:40,40.0,15:40,"0,0",
2022-02-04,3182Y,ARGANDA DEL REY,MADRID,533,9.0,0.0,3.2,07:37,14.8,15:26,19.0,"1,4","4,7",14:20,65.0,88.0,08:40,43.0,16:00,"0,0",
2022-02-05,3182Y,ARGANDA DEL REY,MADRID,533,9.3,0.0,2.1,07:37,16.5,15:48,4.0,"1,1","7,8",10:40,58.0,90.0,08:30,42.0,15:20,"0,0",
2022-02-06,3182Y,ARGANDA DEL REY,MADRID,533,7.8,0.0,-0.9,07:32,16.6,15:30,1.0,"0,6","5,6",02:00,48.0,69.0,23:20,32.0,16:40,"0,0",
2022-02-07,3182Y,ARGANDA DEL REY,MADRID,533,8.6,0.0,-2.6,05:49,19.7,15:40,3.0,"1,1","7,5",16:40,46.0,82.0,Varias,28.0,15:50,"0,0",
2022-02-08,3182Y,ARGANDA DEL REY,MADRID,533,10.4,0.0,0.6,05:18,20.2,16:17,14.0,"1,4","5,6",16:30,52.0,82.0,07:40,32.0,16:10,"0,0",
2022-02-09,3182Y,ARGANDA DEL REY,MADRID,533,8.3,0.0,-0.7,06:52,17.3,15:51,22.0,"0,8","5,6",15:00,59.0,87.0,07:40,36.0,15:50,"0,0",
2022-02-10,3182Y,ARGANDA DEL REY,MADRID,533,8.3,0.0,-0.9,07:26,17.5,15:25,26.0,"1,1","4,2",15:50,62.0,88.0,07:40,39.0,15:50,"0,0",
2022-02-11,3182Y,ARGANDA DEL REY,MADRID,533,9.0,0.0,-0.7,07:45,18.7,15:55,4.0,"0,8","4,7",17:10,61.0,92.0,08:30,35.0,14:50,"0,0",
2022-02-12,3182Y,ARGANDA DEL REY,MADRID,533,9.8,0.0,2.1,03:19,17.4,15:29,26.0,"1,1","4,7",15:30,57.0,90.0,04:00,36.0,16:00,"0,0",
2022-02-13,3182Y,ARGANDA DEL REY,MADRID,533,9.5,0.4,3.8,04:52,15.2,14:36,22.0,"3,3","10,8",14:20,69.0,86.0,08:50,48.0,14:40,"0,0",
2022-02-14,3182Y,ARGANDA DEL REY,MADRID,533,8.1,0.0,1.6,23:37,14.6,13:59,99.0,"3,1","10,0",Varias,53.0,91.0,03:10,38.0,Varias,"1,2",03:40
2022-02-15,3182Y,ARGANDA DEL REY,MADRID,533,6.0,0.0,-2.5,06:56,14.4,15:03,25.0,"2,2","8,3",14:50,58.0,91.0,07:50,35.0,14:30,"0,0",
2022-02-16,3182Y,ARGANDA DEL REY,MADRID,533,8.4,0.0,0.1,07:13,16.7,14:11,28.0,"1,1","8,6",16:20,63.0,87.0,07:30,48.0,14:20,"0,0",
2022-02-17,3182Y,ARGANDA DEL REY,MADRID,533,9.7,0.0,0.0,04:33,19.4,15:06,24.0,"1,4","3,6",14:20,63.0,93.0,07:20,42.0,14:40,"0,0",
2022-02-18,3182Y,ARGANDA DEL REY,MADRID,533,10.8,0.0,1.0,04:59,20.7,15:24,27.0,"1,7","5,6",15:40,64.0,92.0,Varias,45.0,Varias,"0,0",
2022-02-19,3182Y,ARGANDA DEL REY,MADRID,533,8.0,0.0,1.1,24:00,14.8,15:38,5.0,"3,3","10,0",09:10,51.0,85.0,01:50,42.0,15:30,"0,0",
2022-02-20,3182Y,ARGANDA DEL REY,MADRID,533,7.4,0.0,-3.0,06:51,17.8,15:19,8.0,"1,4","5,8",13:10,54.0,86.0,07:00,35.0,Varias,"0,0",
2022-02-21,3182Y,ARGANDA DEL REY,MADRID,533,10.0,0.0,-0.5,05:46,20.4,16:00,1.0,"2,5","8,3",18:40,52.0,88.0,06:20,32.0,16:10,"0,0",
2022-02-22,3182Y,ARGANDA DEL REY,MADRID,533,11.0,0.0,0.1,07:13,21.9,14:45,35.0,"1,4","8,3",12:30,33.0,64.0,07:20,16.0,13:00,"0,0",
2022-02-23,3182Y,ARGANDA DEL REY,MADRID,533,10.6,0.0,-0.3,06:59,21.4,14:57,35.0,"1,1","4,7",13:30,44.0,74.0,07:30,19.0,15:00,"0,0",
2022-02-24,3182Y,ARGANDA DEL REY,MADRID,533,10.4,0.2,1.5,06:06,19.4,15:53,1.0,"1,1","7,8",23:20,48.0,72.0,06:10,32.0,15:50,"0,0",
2022-02-25,3182Y,ARGANDA DEL REY,MADRID,533,9.6,2.6,7.3,07:58,11.9,16:24,2.0,"1,7","6,9",00:50,78.0,87.0,10:50,55.0,00:00,"2,4",08:45
2022-02-26,3182Y,ARGANDA DEL REY,MADRID,533,9.4,1.2,7.8,00:01,10.9,12:38,13.0,"4,4","10,3",13:30,80.0,87.0,08:10,74.0,12:10,"2,4",07:55
2022-02-27,3182Y,ARGANDA DEL REY,MADRID,533,10.1,0.2,4.3,Varias,15.9,16:18,10.0,"1,1","5,3",14:10,68.0,89.0,23:40,52.0,16:20,"1,2",09:55
2022-02-28,3182Y,ARGANDA DEL REY,MADRID,533,9.8,0.0,1.4,05:34,18.2,15:59,27.0,"1,7","5,0",15:10,68.0,95.0,08:00,43.0,15:10,"0,0",
2022-03-01,3182Y,ARGANDA DEL REY,MADRID,533,9.8,0.0,0.5,06:49,19.0,15:14,23.0,"1,4","7,2",14:10,60.0,93.0,07:30,35.0,16:20,"0,0",
2022-03-02,3182Y,ARGANDA DEL REY,MADRID,533,11.7,0.0,5.2,23:34,18.2,15:09,30.0,"2,8","10,3",15:50,58.0,87.0,07:40,36.0,15:40,"0,0",
2022-03-03,3182Y,ARGANDA DEL REY,MADRID,533,7.4,14.6,4.3,06:13,10.6,10:47,2.0,"1,1","14,2",21:50,88.0,94.0,Varias,65.0,10:20,"4,8",12:35
2022-03-04,3182Y,ARGANDA DEL REY,MADRID,533,9.6,0.0,5.4,24:00,13.9,13:31,3.0,"3,9","9,7",00:40,61.0,89.0,00:20,49.0,14:30,"1,2",Varias
2022-03-05,3182Y,ARGANDA DEL REY,MADRID,533,7.6,0.0,1.8,06:54,13.4,14:25,32.0,"1,1","7,5",14:20,59.0,88.0,07:30,38.0,15:10,"0,0",
2022-03-06,3182Y,ARGANDA DEL REY,MADRID,533,8.1,0.4,3.1,06:32,13.1,15:38,3.0,"1,9","9,7",01:10,62.0,84.0,23:10,49.0,15:40,"0,0",
2022-03-07,3182Y,ARGANDA DEL REY,MADRID,533,9.8,0.6,5.2,07:03,14.3,13:00,20.0,"2,5","11,7",14:40,75.0,92.0,Varias,60.0,14:10,"1,2",Varias
2022-03-08,3182Y,ARGANDA DEL REY,MADRID,533,9.0,0.0,4.4,23:58,13.7,14:33,24.0,"3,1","7,5",14:10,67.0,87.0,23:30,53.0,14:30,"0,0",
2022-03-09,3182Y,ARGANDA DEL REY,MADRID,533,8.2,0.0,1.2,05:38,15.3,14:09,22.0,"1,9","7,2",13:00,67.0,93.0,Varias,49.0,14:10,"0,0",
2022-03-10,3182Y,ARGANDA DEL REY,MADRID,533,11.5,0.0,7.1,06:48,15.9,15:52,22.0,"1,9","8,1",16:20,66.0,85.0,07:30,51.0,16:00,"0,0",
2022-03-11,3182Y,ARGANDA DEL REY,MADRID,533,10.0,3.4,6.2,02:44,13.8,14:59,20.0,"3,1","8,9",11:10,85.0,93.0,11:30,70.0,15:10,"2,4",Varias
2022-03-12,3182Y,ARGANDA DEL REY,MADRID,533,7.4,7.0,1.6,06:45,13.2,13:15,26.0,"3,6","11,7",14:00,73.0,93.0,07:00,54.0,14:00,"1,2",Varias
2022-03-13,3182Y,ARGANDA DEL REY,MADRID,533,9.4,0.8,4.0,06:07,14.7,14:52,27.0,"1,9","13,9",02:40,66.0,94.0,07:20,42.0,13:20,"6,0",02:35
2022-03-14,3182Y,ARGANDA DEL REY,MADRID,533,10.6,7.0,6.6,Varias,14.6,17:08,14.0,"4,2","14,7",15:20,80.0,91.0,Varias,66.0,06:10,"3,6",Varias
2022-03-15,3182Y,ARGANDA DEL REY,MADRID,533,14.5,0.0,11.6,23:54,17.4,Varias,10.0,"2,2","10,3",04:10,61.0,79.0,23:40,52.0,19:10,"0,0",
2022-03-16,3182Y,ARGANDA DEL REY,MADRID,533,13.3,0.0,10.7,07:41,15.9,14:26,1.0,"1,4","8,9",19:50,66.0,79.0,00:00,56.0,02:20,"0,0",
2022-03-17,3182Y,ARGANDA DEL REY,MADRID,533,11.0,0.0,8.8,22:47,13.2,14:42,3.0,"5,8","13,3",12:30,61.0,72.0,00:10,56.0,15:50,"0,0",
2022-03-18,3182Y,ARGANDA DEL REY,MADRID,533,10.8,0.0,6.4,05:35,15.3,13:52,2.0,"2,5","7,5",10:10,64.0,80.0,05:40,51.0,14:10,"0,0",
2022-03-19,3182Y,ARGANDA DEL REY,MADRID,533,10.2,0.0,5.2,03:44,15.1,12:58,11.0,"0,8","8,6",23:59,69.0,89.0,Varias,52.0,13:20,"0,0",
2022-03-20,3182Y,ARGANDA DEL REY,MADRID,533,11.6,3.4,7.6,06:15,15.7,14:34,12.0,"4,4","12,8",15:50,64.0,79.0,06:20,53.0,Varias,"0,0",
2022-03-21,3182Y,ARGANDA DEL REY,MADRID,533,12.6,6.8,9.0,08:10,16.1,13:33,10.0,"2,2","14,4",04:30,82.0,93.0,Varias,65.0,13:40,"4,8",16:55
2022-03-22,3182Y,ARGANDA DEL REY,MADRID,533,10.3,1.4,8.0,23:57,12.6,15:09,12.0,"6,4","14,2",17:20,78.0,87.0,06:20,70.0,16:20,"1,2",Varias
2022-03-23,3182Y,ARGANDA DEL REY,MADRID,533,10.6,0.4,7.1,03:49,14.2,12:10,99.0,"4,4","8,3",Varias,71.0,90.0,03:00,55.0,13:20,"1,2",Varias
2022-03-24,3182Y,ARGANDA DEL REY,MADRID,533,10.8,2.4,7.5,04:35,14.0,15:32,2.0,"2,2","8,3",00:10,77.0,90.0,20:40,71.0,00:00,"2,4",08:35
2022-03-25,3182Y,ARGANDA DEL REY,MADRID,533,11.4,1.0,8.8,05:50,14.1,14:56,2.0,"2,2","6,9",23:59,84.0,90.0,Varias,73.0,11:40,"1,2",Varias
2022-03-26,3182Y,ARGANDA DEL REY,MADRID,533,11.1,0.4,8.3,04:05,13.9,14:37,2.0,"1,4","7,5",00:40,75.0,90.0,23:50,68.0,16:00,"1,2",Varias
2022-03-27,3182Y,ARGANDA DEL REY,MADRID,533,11.1,0.0,6.7,23:56,15.5,15:29,12.0,"1,7","7,5",14:50,70.0,91.0,Varias,57.0,15:40,"0,0",
2022-03-28,3182Y,ARGANDA DEL REY,MADRID,533,11.6,0.0,4.6,05:49,18.7,14:43,14.0,"1,9","6,9",14:50,70.0,93.0,Varias,53.0,15:10,"0,0",
2022-03-29,3182Y,ARGANDA DEL REY,MADRID,533,13.8,1.4,8.9,05:03,18.8,13:55,99.0,"1,9","5,8",16:30,68.0,87.0,Varias,48.0,13:00,"0,0",
2022-03-30,3182Y,ARGANDA DEL REY,MADRID,533,9.4,1.6,6.1,23:59,12.6,13:39,1.0,"1,9","8,3",16:10,77.0,91.0,Varias,68.0,14:30,"2,4",01:05
2022-03-31,3182Y,ARGANDA DEL REY,MADRID,533,9.0,3.0,2.3,03:34,15.6,15:07,26.0,"2,5","10,6",15:50,70.0,96.0,07:40,43.0,15:10,"1,2",Varias
2022-04-01,3182Y,ARGANDA DEL REY,MADRID,533,7.2,0.2,2.6,23:59,11.9,14:07,99.0,"4,4","10,8",Varias,46.0,90.0,Varias,33.0,15:10,"6,0",01:25
2022-04-02,3182Y,ARGANDA DEL REY,MADRID,533,6.7,0.0,0.9,03:22,12.5,14:41,1.0,"3,3","10,3",10:20,43.0,72.0,00:20,32.0,Varias,"0,0",
2022-04-03,3182Y,ARGANDA DEL REY,MADRID,533,5.2,0.0,-2.0,05:51,12.4,15:44,4.0,"4,2","10,8",10:40,46.0,82.0,06:10,27.0,18:00,"0,0",
2022-04-04,3182Y,ARGANDA DEL REY,MADRID,533,6.6,0.0,0.1,05:49,13.1,13:58,2.0,"3,3","9,4",01:30,50.0,67.0,20:50,33.0,15:10,"0,0",
2022-04-05,3182Y,ARGANDA DEL REY,MADRID,533,6.8,0.0,2.9,00:52,10.7,14:37,99.0,"2,5","7,5",15:40,58.0,83.0,23:40,45.0,13:00,"0,0",
2022-04-06,3182Y,ARGANDA DEL REY,MADRID,533,10.8,0.0,4.1,02:50,17.4,15:35,24.0,"3,1","8,9",15:10,63.0,87.0,Varias,42.0,16:40,"0,0",
2022-04-07,3182Y,ARGANDA DEL REY,MADRID,533,12.0,0.0,3.9,06:02,20.1,15:05,22.0,"3,6","10,3",13:00,60.0,89.0,06:40,41.0,12:50,"0,0",
2022-04-08,3182Y,ARGANDA DEL REY,MADRID,533,11.6,0.0,6.1,06:20,17.0,15:40,24.0,"5,0","12,2",Varias,69.0,91.0,06:50,54.0,15:00,"0,0",
2022-04-09,3182Y,ARGANDA DEL REY,MADRID,533,14.0,0.0,8.8,03:34,19.2,13:47,99.0,"3,3","8,6",Varias,70.0,89.0,Varias,54.0,13:00,"0,0",
2022-04-10,3182Y,ARGANDA DEL REY,MADRID,533,15.8,0.0,7.2,02:55,24.3,15:42,12.0,"3,3","14,7",19:50,60.0,94.0,07:40,36.0,14:30,"0,0",
2022-04-11,3182Y,ARGANDA DEL REY,MADRID,533,16.7,6.6,9.4,Varias,24.0,15:04,16.0,"3,9","10,8",14:40,53.0,90.0,23:59,37.0,12:10,"16,8",23:05
2022-04-12,3182Y,ARGANDA DEL REY,MADRID,533,12.0,2.0,7.9,22:19,16.1,14:00,16.0,"1,1","9,2",11:10,77.0,94.0,23:59,55.0,14:00,"7,2",16:05
2022-04-13,3182Y,ARGANDA DEL REY,MADRID,533,11.9,0.0,3.9,06:03,19.9,16:00,2.0,"2,8","9,7",17:50,70.0,97.0,07:00,44.0,16:30,"1,2",05:05
2022-04-14,3182Y,ARGANDA DEL REY,MADRID,533,17.0,0.0,10.3,04:08,23.6,15:37,2.0,"2,8","7,2",05:30,53.0,78.0,06:30,36.0,16:50,"0,0",
2022-04-15,3182Y,ARGANDA DEL REY,MADRID,533,16.4,0.0,6.6,05:59,26.1,16:27,36.0,"1,7","4,7",13:20,55.0,90.0,06:20,28.0,16:30,"0,0",
2022-04-16,3182Y,ARGANDA DEL REY,MADRID,533,17.6,0.0,7.6,06:07,27.6,14:29,36.0,"1,9","7,5",18:30,47.0,86.0,05:50,29.0,14:20,"0,0",
2022-04-17,3182Y,ARGANDA DEL REY,MADRID,533,16.8,0.0,7.0,03:52,26.7,14:32,1.0,"1,7","4,7",20:30,46.0,81.0,04:00,27.0,17:00,"0,0",
2022-04-18,3182Y,ARGANDA DEL REY,MADRID,533,18.5,0.0,10.2,05:51,26.8,14:30,26.0,"2,2","8,6",15:50,41.0,75.0,01:30,29.0,17:20,"0,0",
2022-04-19,3182Y,ARGANDA DEL REY,MADRID,533,14.4,12.0,7.3,23:54,21.5,14:15,2.0,"3,1","14,7",19:00,63.0,86.0,06:00,42.0,13:50,"2,4",20:40
2022-04-20,3182Y,ARGANDA DEL REY,MADRID,533,8.6,0.8,4.1,05:49,13.1,16:28,2.0,"6,4","18,6",10:40,69.0,92.0,07:20,48.0,18:00,"4,8",02:55
2022-04-21,3182Y,ARGANDA DEL REY,MADRID,533,9.8,0.0,2.3,05:43,17.4,16:11,20.0,"3,1","9,7",17:50,59.0,90.0,06:10,42.0,14:20,"0,0",
2022-04-22,3182Y,ARGANDA DEL REY,MADRID,533,9.8,12.8,6.7,23:13,12.9,08:52,18.0,"3,6","12,2",09:00,84.0,91.0,Varias,68.0,09:00,"3,6",Varias
2022-04-23,3182Y,ARGANDA DEL REY,MADRID,533,9.7,0.6,5.8,23:43,13.6,16:35,26.0,"5,6","17,5",15:30,74.0,91.0,Varias,57.0,16:40,"2,4",13:35
2022-04-24,3182Y,ARGANDA DEL REY,MADRID,533,10.2,0.0,1.9,05:17,18.4,16:29,22.0,"2,2","7,8",11:40,60.0,95.0,06:10,35.0,15:20,"0,0",
2022-04-25,3182Y,ARGANDA DEL REY,MADRID,533,13.1,0.0,4.4,05:19,21.8,16:16,20.0,"1,1","8,1",12:20,52.0,90.0,04:40,35.0,16:30,"0,0",
2022-04-26,3182Y,ARGANDA DEL REY,MADRID,533,15.6,3.4,8.4,02:57,22.7,14:10,26.0,"1,4","6,9",16:20,64.0,91.0,22:30,41.0,13:30,"3,6",18:40
2022-04-27,3182Y,ARGANDA DEL REY,MADRID,533,14.4,1.6,10.4,23:58,18.3,14:51,32.0,"2,2","9,2",17:00,74.0,93.0,Varias,57.0,16:40,"1,2",Varias
2022-04-28,3182Y,ARGANDA DEL REY,MADRID,533,12.8,9.4,9.2,23:01,16.3,12:54,10.0,"1,4","8,6",14:50,76.0,94.0,Varias,66.0,13:00,"8,4",13:15
2022-04-29,3182Y,ARGANDA DEL REY,MADRID,533,16.4,0.0,8.5,04:44,24.3,16:51,10.0,"1,7","5,6",12:50,59.0,90.0,04:50,37.0,16:30,"0,0",
2022-04-30,3182Y,ARGANDA DEL REY,MADRID,533,16.8,0.2,9.6,05:36,24.1,13:44,27.0,"1,7","9,4",14:20,70.0,92.0,Varias,41.0,14:10,"1,2",15:05
2022-05-01,3182Y,ARGANDA DEL REY,MADRID,533,18.2,0.0,10.8,05:53,25.6,14:36,24.0,"3,3","10,6",14:30,54.0,87.0,06:10,30.0,15:40,"0,0",
2022-05-02,3182Y,ARGANDA DEL REY,MADRID,533,14.8,1.6,9.2,05:29,20.5,12:17,1.0,"2,2","16,4",13:40,68.0,87.0,05:50,48.0,12:20,"4,8",14:15
2022-05-03,3182Y,ARGANDA DEL REY,MADRID,533,14.4,0.2,10.5,00:37,18.2,13:36,36.0,"3,6","10,0",10:40,70.0,86.0,Varias,54.0,Varias,"1,2",15:25
2022-05-04,3182Y,ARGANDA DEL REY,MADRID,533,16.0,0.0,10.2,04:01,21.8,16:24,7.0,"3,6","9,4",16:30,55.0,81.0,Varias,41.0,Varias,"0,0",
2022-05-05,3182Y,ARGANDA DEL REY,MADRID,533,16.4,0.0,7.7,03:48,25.1,16:47,36.0,"1,4","8,3",21:40,51.0,88.0,04:20,31.0,15:40,"0,0",
2022-05-06,3182Y,ARGANDA DEL REY,MADRID,533,15.8,0.0,5.8,04:16,25.7,16:06,36.0,"2,2","8,9",20:20,39.0,83.0,04:30,25.0,12:50,"0,0",
2022-05-07,3182Y,ARGANDA DEL REY,MADRID,533,16.4,0.0,6.8,05:13,26.1,15:37,2.0,"2,2","9,2",01:10,42.0,80.0,05:30,26.0,14:40,"0,0",
2022-05-08,3182Y,ARGANDA DEL REY,MADRID,533,18.6,0.0,8.8,05:37,28.5,17:22,26,"1,7","5,8",15:20,37,78,05:50,21,15:00,"0,0",
2022-05-09,3182Y,ARGANDA DEL REY,MADRID,533,19.5,0.0,9.5,04:32,29.5,17:03,08,"1,9","6,7",22:40,40,75,04:50,27,16:50,"0,0",
2022-05-10,3182Y,ARGANDA DEL REY,MADRID,533,21.4,,12.0,05:21,30.8,16:16,,"1,7",,,40,,,,,,
2022-05-11,3182Y,ARGANDA DEL REY,MADRID,533,23.2,0.0,14.5,05:11,31.9,16:49,05,"1,4","6,7",09:50,39,67,05:30,26,16:40,"0,0",
2022-05-12,3182Y,ARGANDA DEL REY,MADRID,533,22.2,0.0,15.6,03:20,28.9,16:21,13,"1,4","7,8",09:00,37,60,21:30,26,15:20,"0,0",
2022-05-13,3182Y,ARGANDA DEL REY,MADRID,533,22.1,0.0,12.8,03:58,31.4,16:46,24.0,"1,9","6,7",14:20,37.0,71.0,05:30,23.0,14:20,"0,0",
2022-05-14,3182Y,ARGANDA DEL REY,MADRID,533,22.9,0.0,14.9,04:59,30.9,15:54,29.0,"1,9","7,2",10:30,43.0,70.0,05:00,28.0,16:20,"0,0",
2022-05-15,3182Y,ARGANDA DEL REY,MADRID,533,20.4,0.0,14.1,23:56,26.6,14:42,99.0,"3,6","10,3",Varias,46.0,71.0,23:59,35.0,16:50,"0,0",
2022-05-16,3182Y,ARGANDA DEL REY,MADRID,533,19.5,0.0,10.0,03:59,29.0,16:52,27.0,"2,5","8,3",15:00,47.0,86.0,05:00,30.0,16:20,"0,0",
2022-05-17,3182Y,ARGANDA DEL REY,MADRID,533,20.6,0.0,10.9,04:54,30.3,16:54,25.0,"2,8","8,9",12:20,42.0,82.0,05:00,26.0,15:00,"0,0",
2022-05-18,3182Y,ARGANDA DEL REY,MADRID,533,23.7,0.0,13.5,04:51,33.9,15:51,19.0,"2,2","8,9",14:20,35.0,76.0,04:30,21.0,13:40,"0,0",
2022-05-19,3182Y,ARGANDA DEL REY,MADRID,533,26.2,0.0,15.7,05:28,36.6,15:37,13.0,"3,3","14,7",20:00,33.0,68.0,05:40,19.0,15:30,"0,0",
2022-05-20,3182Y,ARGANDA DEL REY,MADRID,533,27.0,0.0,17.9,05:18,36.1,15:48,10.0,"3,1","11,4",21:40,32.0,54.0,05:20,21.0,14:10,"0,0",
2022-05-21,3182Y,ARGANDA DEL REY,MADRID,533,26.7,0.4,17.0,05:05,36.4,16:52,99.0,"2,5","17,8",18:50,28.0,61.0,04:20,19.0,17:20,"1,2",Varias
2022-05-22,3182Y,ARGANDA DEL REY,MADRID,533,23.2,0.0,16.4,23:58,30.1,15:00,24.0,"3,9","12,5",15:50,42.0,71.0,23:40,28.0,Varias,"0,0",
2022-05-23,3182Y,ARGANDA DEL REY,MADRID,533,21.1,0.0,13.2,05:17,29.0,14:29,25.0,"4,2","9,7",13:30,46.0,81.0,05:40,28.0,14:50,"0,0",
2022-05-24,3182Y,ARGANDA DEL REY,MADRID,533,18.0,0.0,11.3,23:49,24.6,11:30,36.0,"3,3","10,0",18:30,43.0,71.0,Varias,29.0,18:50,"0,0",
2022-05-25,3182Y,ARGANDA DEL REY,MADRID,533,16.2,0.0,6.2,05:15,26.1,16:58,34.0,"3,9","9,7",12:40,37.0,81.0,05:30,26.0,16:30,"0,0",
2022-05-26,3182Y,ARGANDA DEL REY,MADRID,533,19.6,0.0,9.4,05:12,29.8,16:52,2.0,"3,3","7,5",07:10,34.0,63.0,04:40,25.0,15:10,"0,0",
2022-05-27,3182Y,ARGANDA DEL REY,MADRID,533,24.4,0.0,14.4,05:12,34.5,16:59,8.0,"1,7","6,9",13:20,29.0,56.0,05:20,18.0,Varias,"0,0",
2022-05-28,3182Y,ARGANDA DEL REY,MADRID,533,23.8,0.0,12.6,05:08,35.1,16:54,18.0,"2,2","7,2",15:10,27.0,60.0,04:40,17.0,16:20,"0,0",
2022-05-29,3182Y,ARGANDA DEL REY,MADRID,533,22.4,0.0,12.7,05:01,32.0,13:52,24.0,"3,6","10,8",12:20,32.0,61.0,04:50,21.0,14:40,"0,0",
2022-05-30,3182Y,ARGANDA DEL REY,MADRID,533,20.2,0.0,15.4,23:52,25.1,16:59,24.0,"5,3","13,1",11:40,45.0,69.0,05:10,36.0,17:00,"0,0",
2022-05-31,3182Y,ARGANDA DEL REY,MADRID,533,22.0,0.0,11.4,03:55,32.5,16:57,24.0,"2,5","9,4",14:30,35.0,77.0,04:50,19.0,16:50,"0,0",
2022-06-01,3182Y,ARGANDA DEL REY,MADRID,533,21.8,0.0,12.4,04:55,31.1,15:11,22.0,"3,9","11,1",12:30,32.0,62.0,05:40,22.0,13:00,"0,0",
2022-06-02,3182Y,ARGANDA DEL REY,MADRID,533,21.8,0.0,13.4,04:59,30.1,14:46,16.0,"3,6","8,9",11:30,41.0,78.0,05:10,25.0,14:50,"0,0",
2022-06-03,3182Y,ARGANDA DEL REY,MADRID,533,21.6,0.0,14.0,03:51,29.3,16:55,26.0,"4,4","12,2",14:40,38.0,69.0,04:00,26.0,18:00,"0,0",
2022-06-04,3182Y,ARGANDA DEL REY,MADRID,533,19.8,0.0,10.8,04:46,28.9,15:26,24.0,"3,9","10,8",16:00,39.0,71.0,05:10,26.0,15:30,"0,0",
2022-06-05,3182Y,ARGANDA DEL REY,MADRID,533,21.3,0.0,11.5,05:08,31.1,17:00,26.0,"2,2","8,6",15:30,35.0,72.0,05:20,22.0,16:40,"0,0",
2022-06-06,3182Y,ARGANDA DEL REY,MADRID,533,22.1,0.0,11.6,04:55,32.6,15:29,26.0,"3,1","10,3",14:30,30.0,69.0,05:20,17.0,15:10,"0,0",
2022-06-07,3182Y,ARGANDA DEL REY,MADRID,533,24.4,0.0,14.8,02:49,34.1,14:50,25.0,"3,1","10,3",14:30,32.0,60.0,02:50,24.0,Varias,"0,0",
2022-06-08,3182Y,ARGANDA DEL REY,MADRID,533,24.2,0.0,17.2,04:20,31.1,15:22,26.0,"2,8","10,8",13:50,41.0,60.0,23:40,34.0,15:20,"0,0",
2022-06-09,3182Y,ARGANDA DEL REY,MADRID,533,25.3,0.0,14.9,04:01,35.7,17:06,2.0,"2,5","8,9",14:20,37.0,75.0,05:30,24.0,17:00,"0,0",
2022-06-10,3182Y,ARGANDA DEL REY,MADRID,533,27.9,0.0,16.9,05:06,38.9,17:06,27.0,"1,9","11,1",14:40,25.0,58.0,04:10,16.0,16:30,"0,0",
2022-06-11,3182Y,ARGANDA DEL REY,MADRID,533,29.8,0.0,20.3,05:05,39.3,17:04,10.0,"3,3","10,0",21:40,29.0,57.0,04:40,19.0,17:00,"0,0",
2022-06-12,3182Y,ARGANDA DEL REY,MADRID,533,29.5,0.0,20.2,04:58,38.8,17:08,12.0,"1,9","11,1",22:00,24.0,48.0,05:20,16.0,18:00,"0,0",
2022-06-13,3182Y,ARGANDA DEL REY,MADRID,533,29.4,0.0,19.2,05:33,39.7,16:24,20.0,"2,2","8,6",13:50,22.0,41.0,05:40,16.0,Varias,"0,0",
2022-06-14,3182Y,ARGANDA DEL REY,MADRID,533,29.8,0.0,19.1,05:03,40.5,14:58,21.0,"2,8","10,6",12:40,22.0,52.0,05:00,15.0,16:10,"0,0",
2022-06-15,3182Y,ARGANDA DEL REY,MADRID,533,30.6,0.0,20.8,05:00,40.5,15:56,9.0,"2,2","14,4",19:20,24.0,43.0,05:10,17.0,Varias,"0,0",
2022-06-16,3182Y,ARGANDA DEL REY,MADRID,533,32.8,0.0,24.6,05:34,40.9,15:54,20.0,"3,9","16,7",17:50,34.0,51.0,06:40,17.0,Varias,"0,0",
2022-06-17,3182Y,ARGANDA DEL REY,MADRID,533,32.0,0.0,22.7,Varias,41.4,14:54,21.0,"3,1","9,7",19:30,27.0,55.0,Varias,14.0,16:50,"0,0",
2022-06-18,3182Y,ARGANDA DEL REY,MADRID,533,32.0,0.0,23.2,04:59,40.9,14:33,14.0,"3,9","15,8",15:40,20.0,36.0,06:10,15.0,13:10,"0,0",
2022-06-19,3182Y,ARGANDA DEL REY,MADRID,533,23.9,0.0,17.9,05:12,29.9,17:06,24.0,"5,0","11,9",16:50,39.0,59.0,05:20,28.0,14:30,"0,0",
2022-06-20,3182Y,ARGANDA DEL REY,MADRID,533,22.1,0.0,14.9,05:11,29.3,12:46,24.0,"3,9","12,5",13:40,40.0,68.0,05:20,30.0,13:30,"0,0",
2022-06-21,3182Y,ARGANDA DEL REY,MADRID,533,21.0,0.0,12.1,Varias,29.9,17:05,24.0,"3,9","9,7",16:50,33.0,64.0,05:20,17.0,18:00,"0,0",
2022-06-22,3182Y,ARGANDA DEL REY,MADRID,533,19.6,2.2,13.8,05:17,25.3,15:18,22.0,"4,4","11,4",13:20,43.0,65.0,05:40,32.0,15:30,"0,0",
2022-06-23,3182Y,ARGANDA DEL REY,MADRID,533,20.0,0.0,14.6,00:42,25.4,17:07,27.0,"4,7","12,8",14:40,55.0,88.0,05:30,37.0,17:10,"3,6",03:05
2022-06-24,3182Y,ARGANDA DEL REY,MADRID,533,19.9,0.0,11.3,04:35,28.5,17:02,25.0,"4,7","11,4",13:20,44.0,87.0,05:40,27.0,17:00,"0,0",
2022-06-25,3182Y,ARGANDA DEL REY,MADRID,533,20.6,0.0,12.7,04:45,28.4,14:29,26.0,"4,7","12,2",17:10,40.0,69.0,05:00,29.0,13:40,"0,0",
2022-06-26,3182Y,ARGANDA DEL REY,MADRID,533,21.6,0.0,14.1,04:48,29.1,17:08,27.0,"3,3","12,2",13:50,27.0,60.0,05:00,16.0,14:30,"0,0",
2022-06-27,3182Y,ARGANDA DEL REY,MADRID,533,23.0,0.0,13.9,05:35,32.2,17:09,27.0,"1,9","11,1",12:00,33.0,56.0,05:10,21.0,14:50,"0,0",
2022-06-28,3182Y,ARGANDA DEL REY,MADRID,533,24.0,0.0,14.5,05:08,33.5,17:08,24.0,"2,5","7,8",15:50,30.0,62.0,05:20,16.0,17:40,"0,0",
2022-06-29,3182Y,ARGANDA DEL REY,MADRID,533,23.4,0.0,13.2,04:04,33.7,14:28,22.0,"3,6","11,7",14:00,23.0,51.0,05:40,17.0,13:00,"0,0",
2022-06-30,3182Y,ARGANDA DEL REY,MADRID,533,23.0,0.0,14.6,04:34,31.5,17:12,26.0,"3,1","11,1",14:10,30.0,61.0,04:50,18.0,14:10,"0,0",
2022-07-01,3182Y,ARGANDA DEL REY,MADRID,533,25.4,0.0,15.0,Varias,35.8,17:05,12.0,"1,9","13,1",22:50,33.0,60.0,23:59,23.0,Varias,"0,0",
2022-07-02,3182Y,ARGANDA DEL REY,MADRID,533,29.3,0.0,20.3,05:04,38.3,17:10,12.0,"1,9","7,5",15:30,37.0,73.0,05:00,22.0,17:10,"0,0",
2022-07-03,3182Y,ARGANDA DEL REY,MADRID,533,28.9,0.0,21.6,05:05,36.2,17:04,25.0,"3,6","10,3",17:20,35.0,61.0,04:50,25.0,17:30,"0,0",
2022-07-04,3182Y,ARGANDA DEL REY,MADRID,533,27.2,0.0,17.7,05:26,36.8,17:06,17.0,"2,2","8,9",13:50,29.0,67.0,04:00,18.0,17:20,"0,0",
2022-07-05,3182Y,ARGANDA DEL REY,MADRID,533,27.2,0.0,15.9,03:48,38.6,17:09,25.0,"3,1","11,4",13:20,24.0,59.0,23:59,15.0,18:40,"0,0",
2022-07-06,3182Y,ARGANDA DEL REY,MADRID,533,26.6,0.0,20.2,23:56,33.1,12:16,2.0,"3,6","18,6",14:10,40.0,68.0,02:30,28.0,13:40,"0,0",
2022-07-07,3182Y,ARGANDA DEL REY,MADRID,533,25.8,0.0,17.1,04:49,34.5,17:09,3.0,"3,9","10,3",07:30,30.0,64.0,04:50,18.0,Varias,"0,0",
2022-07-08,3182Y,ARGANDA DEL REY,MADRID,533,27.6,0.0,17.3,04:58,37.9,17:12,14.0,"2,5","7,5",15:40,32.0,58.0,05:40,18.0,17:20,"0,0",
2022-07-09,3182Y,ARGANDA DEL REY,MADRID,533,29.3,0.0,18.8,04:54,39.8,17:09,26.0,"1,7","8,1",14:50,27.0,55.0,05:10,17.0,15:40,"0,0",
2022-07-10,3182Y,ARGANDA DEL REY,MADRID,533,30.3,0.0,20.3,05:36,40.3,15:20,26.0,"1,9","7,5",14:00,26.0,50.0,05:50,16.0,Varias,"0,0",
2022-07-11,3182Y,ARGANDA DEL REY,MADRID,533,31.4,0.0,22.9,05:21,40.0,17:07,11.0,"1,9","10,0",23:59,26.0,47.0,05:30,17.0,16:20,"0,0",
2022-07-12,3182Y,ARGANDA DEL REY,MADRID,533,33.0,0.0,24.5,05:36,41.4,17:06,12.0,"1,9","11,7",00:50,24.0,40.0,23:10,16.0,17:10,"0,0",
2022-07-13,3182Y,ARGANDA DEL REY,MADRID,533,32.6,0.0,23.4,05:30,41.8,16:16,99.0,"1,7","6,4",Varias,24.0,41.0,05:40,16.0,15:10,"0,0",
2022-07-14,3182Y,ARGANDA DEL REY,MADRID,533,33.5,0.0,23.4,05:23,43.6,16:04,7.0,"1,9","8,6",19:20,20.0,40.0,05:30,11.0,18:00,"0,0",
2022-07-15,3182Y,ARGANDA DEL REY,MADRID,533,32.6,0.0,23.2,03:36,42.1,17:06,14.0,"2,8","9,7",14:00,18.0,30.0,02:00,11.0,18:00,"0,0",
2022-07-16,3182Y,ARGANDA DEL REY,MADRID,533,33.0,0.0,24.2,05:42,41.7,17:06,20.0,"3,1","8,3",12:00,20.0,37.0,05:30,14.0,18:50,"0,0",
2022-07-17,3182Y,ARGANDA DEL REY,MADRID,533,32.8,0.0,24.1,04:31,41.6,17:06,12.0,"2,5","11,1",12:40,22.0,41.0,04:30,15.0,13:00,"0,0",
2022-07-18,3182Y,ARGANDA DEL REY,MADRID,533,32.7,0.0,24.1,05:35,41.3,17:03,20.0,"3,6","13,3",13:40,22.0,36.0,05:40,16.0,16:30,"0,0",
2022-07-19,3182Y,ARGANDA DEL REY,MADRID,533,28.0,0.0,20.6,23:59,35.4,Varias,24.0,"5,0","10,6",14:30,26.0,44.0,05:20,17.0,18:30,"0,0",
2022-07-20,3182Y,ARGANDA DEL REY,MADRID,533,27.2,0.0,15.2,05:34,39.3,17:00,12.0,"1,9","9,2",23:50,22.0,55.0,04:40,13.0,18:00,"0,0",
2022-07-21,3182Y,ARGANDA DEL REY,MADRID,533,31.0,0.0,22.4,05:35,39.5,17:03,18.0,"1,9","10,0",12:50,26.0,52.0,05:10,16.0,17:00,"0,0",
2022-07-22,3182Y,ARGANDA DEL REY,MADRID,533,29.9,0.0,20.9,23:56,38.9,15:38,27.0,"4,2","10,6",15:20,29.0,54.0,05:20,17.0,16:00,"0,0",
2022-07-23,3182Y,ARGANDA DEL REY,MADRID,533,28.1,0.0,16.1,04:27,40.1,15:21,25.0,"4,4","11,9",12:40,20.0,44.0,02:00,10.0,17:30,"0,0",
2022-07-24,3182Y,ARGANDA DEL REY,MADRID,533,28.0,0.0,15.5,05:37,40.6,15:41,25.0,"4,4","13,1",16:30,21.0,43.0,05:50,13.0,Varias,"0,0",
2022-07-25,3182Y,ARGANDA DEL REY,MADRID,533,29.2,0.0,19.6,04:41,38.8,13:15,28.0,"3,9","14,4",17:40,19.0,46.0,05:00,9.0,14:20,"0,0",
2022-07-26,3182Y,ARGANDA DEL REY,MADRID,533,29.0,0.0,20.4,00:15,37.6,16:33,20.0,"2,8","8,9",15:40,30.0,56.0,05:30,19.0,Varias,"0,0",
2022-07-27,3182Y,ARGANDA DEL REY,MADRID,533,29.1,0.0,21.1,05:31,37.1,16:55,21.0,"2,8","9,4",11:40,30.0,54.0,05:10,17.0,Varias,"0,0",
2022-07-28,3182Y,ARGANDA DEL REY,MADRID,533,28.6,0.0,19.9,03:10,37.3,14:52,27.0,"3,3","11,1",17:30,26.0,49.0,03:20,16.0,Varias,"0,0",
2022-07-29,3182Y,ARGANDA DEL REY,MADRID,533,28.1,0.0,18.4,05:24,37.8,Varias,22.0,"3,3","10,3",13:20,26.0,55.0,04:40,17.0,17:30,"0,0",
2022-07-30,3182Y,ARGANDA DEL REY,MADRID,533,30.7,5.4,22.1,05:26,39.3,15:35,24.0,"2,2","20,0",16:40,48.0,70.0,17:10,24.0,Varias,"22,8",16:45
2022-07-31,3182Y,ARGANDA DEL REY,MADRID,533,29.9,0.0,21.6,05:28,38.2,16:02,6.0,"1,7","6,9",08:30,40.0,71.0,03:40,25.0,17:20,"0,0",
2022-08-01,3182Y,ARGANDA DEL REY,MADRID,533,31.8,0.0,23.6,05:19,40.1,15:14,18.0,"1,7","9,4",13:30,33.0,63.0,03:40,19.0,Varias,"0,0",
2022-08-02,3182Y,ARGANDA DEL REY,MADRID,533,32.2,0.2,23.9,05:37,40.6,14:21,13.0,"1,7","17,8",23:59,35.0,59.0,05:50,21.0,16:00,"1,2",21:55
2022-08-03,3182Y,ARGANDA DEL REY,MADRID,533,31.0,0.0,22.9,05:29,39.2,15:01,13.0,"3,3","10,8",23:30,31.0,65.0,05:40,15.0,18:00,"0,0",
2022-08-04,3182Y,ARGANDA DEL REY,MADRID,533,30.4,0.0,21.4,05:41,39.4,16:28,20.0,"2,2","12,2",19:30,27.0,51.0,05:50,18.0,16:30,"0,0",
2022-08-05,3182Y,ARGANDA DEL REY,MADRID,533,30.6,0.0,23.0,05:51,38.2,16:53,12,"1,9","11,4",01:30,26,45,05:50,18,Varias,"0,0",
2022-08-06,3182Y,ARGANDA DEL REY,MADRID,533,30.3,0.0,22.7,05:30,37.9,16:07,22,"1,9","9,2",16:40,27,45,05:40,19,18:00,"0,0",
2022-08-07,3182Y,ARGANDA DEL REY,MADRID,533,29.5,,21.3,23:51,37.7,16:01,,"3,1",,,28,,,,,,
2022-08-08,3182Y,ARGANDA DEL REY,MADRID,533,28.3,0.0,18.5,05:26,38.1,16:48,22,"2,2","8,3",15:50,29,53,06:10,16,18:00,"0,0",
2022-08-09,3182Y,ARGANDA DEL REY,MADRID,533,31.1,0.0,22.2,05:33,40.0,16:51,20,"2,2","8,6",20:40,28,52,05:50,18,Varias,"0,0",
2022-08-10,3182Y,ARGANDA DEL REY,MADRID,533,32.0,0.0,25.2,05:46,38.9,15:20,12.0,"2,5","14,2",23:20,29.0,50.0,05:50,20.0,18:00,"0,0",
2022-08-11,3182Y,ARGANDA DEL REY,MADRID,533,31.0,0.0,24.4,05:46,37.5,16:03,12.0,"2,8","11,7",00:20,32.0,46.0,22:20,26.0,Varias,"0,0",
2022-08-12,3182Y,ARGANDA DEL REY,MADRID,533,30.2,0.0,22.2,05:31,38.1,Varias,26.0,"1,7","9,7",15:20,31.0,50.0,05:30,23.0,Varias,"0,0",
2022-08-13,3182Y,ARGANDA DEL REY,MADRID,533,24.7,0.0,19.7,Varias,29.7,08:58,20.0,"3,9","16,7",09:20,42.0,67.0,23:30,35.0,09:00,"0,0",
2022-08-14,3182Y,ARGANDA DEL REY,MADRID,533,24.4,0.0,15.3,05:12,33.4,Varias,24.0,"4,2","13,6",14:00,33.0,81.0,05:50,14.0,Varias,"0,0",
2022-08-15,3182Y,ARGANDA DEL REY,MADRID,533,22.7,0.0,12.3,05:14,33.1,14:53,99.0,"3,1","9,2",Varias,27.0,49.0,05:40,18.0,16:10,"0,0",
2022-08-16,3182Y,ARGANDA DEL REY,MADRID,533,23.8,0.0,17.3,05:07,30.4,14:24,23.0,"6,1","13,9",15:30,29.0,54.0,06:00,16.0,17:20,"0,0",
2022-08-17,3182Y,ARGANDA DEL REY,MADRID,533,21.1,1.8,12.5,04:45,29.7,14:57,35.0,"2,5","11,4",15:50,43.0,67.0,06:40,27.0,15:00,"7,2",16:25
2022-08-18,3182Y,ARGANDA DEL REY,MADRID,533,22.0,0.0,13.3,05:02,30.7,15:46,2.0,"1,9","8,1",21:40,39.0,75.0,06:00,26.0,15:20,"0,0",
2022-08-19,3182Y,ARGANDA DEL REY,MADRID,533,24.4,0.0,15.0,05:30,33.8,16:44,3.0,"1,4","6,1",08:50,31.0,64.0,05:40,17.0,15:30,"0,0",
2022-08-20,3182Y,ARGANDA DEL REY,MADRID,533,25.8,0.0,15.4,04:33,36.1,15:28,23.0,"1,7","6,7",16:10,28.0,51.0,Varias,17.0,18:00,"0,0",
2022-08-21,3182Y,ARGANDA DEL REY,MADRID,533,26.8,0.0,15.6,05:52,38.1,17:00,24,"2,5","9,2",13:10,24,50,05:40,16,13:30,"0,0",
2022-08-22,3182Y,ARGANDA DEL REY,MADRID,533,29.4,0.0,21.4,05:30,37.4,15:56,01,"1,9","9,2",22:20,31,49,05:30,24,15:50,"0,0",
2022-08-23,3182Y,ARGANDA DEL REY,MADRID,533,30.0,,21.6,05:16,38.4,16:54,,,,,,,,,,,
2022-08-24,3182Y,ARGANDA DEL REY,MADRID,533,29.4,0.0,21.3,02:43,37.4,16:50,24,"2,2","8,3",14:40,36,64,05:40,21,16:40,"0,0",
2022-08-25,3182Y,ARGANDA DEL REY,MADRID,533,27.5,0.0,18.1,05:30,36.9,16:58,08,"2,5","9,7",18:40,35,71,06:10,21,16:10,"0,0",
2022-08-26,3182Y,ARGANDA DEL REY,MADRID,533,28.0,0.0,20.7,05:32,35.4,13:55,9.0,"2,5","10,0",19:40,42.0,67.0,Varias,28.0,14:50,"0,0",
2022-08-27,3182Y,ARGANDA DEL REY,MADRID,533,26.6,0.0,18.3,05:46,34.8,15:39,23.0,"1,7","10,3",13:30,40.0,69.0,Varias,24.0,15:40,"0,0",
2022-08-28,3182Y,ARGANDA DEL REY,MADRID,533,28.8,0.0,21.2,05:31,36.3,15:07,13.0,"3,3","13,3",21:50,39.0,67.0,05:00,24.0,14:40,"0,0",
2022-08-29,3182Y,ARGANDA DEL REY,MADRID,533,28.2,0.0,21.5,23:40,35.0,13:17,25.0,"4,2","15,6",13:30,38.0,60.0,04:00,28.0,17:30,"0,0",
2022-08-30,3182Y,ARGANDA DEL REY,MADRID,533,27.2,0.0,18.2,05:30,36.1,15:18,27.0,"3,9","10,6",14:50,34.0,63.0,05:00,20.0,15:30,"0,0",
2022-08-31,3182Y,ARGANDA DEL REY,MADRID,533,26.1,0.0,19.1,23:57,33.1,15:51,24.0,"3,6","10,0",13:50,31.0,52.0,06:30,17.0,15:50,"0,0",
2022-09-01,3182Y,ARGANDA DEL REY,MADRID,533,23.4,0.0,13.3,06:05,33.5,15:20,27.0,"2,8","10,0",15:40,31.0,54.0,06:30,18.0,15:50,"0,0",
2022-09-02,3182Y,ARGANDA DEL REY,MADRID,533,23.4,0.0,15.9,05:31,31.0,15:02,21.0,"3,6","10,3",13:20,34.0,64.0,06:00,17.0,16:00,"0,0",
2022-09-03,3182Y,ARGANDA DEL REY,MADRID,533,21.8,0.0,14.0,05:47,29.6,15:23,23.0,"2,8","9,2",14:20,40.0,69.0,06:00,27.0,15:20,"0,0",
2022-09-04,3182Y,ARGANDA DEL REY,MADRID,533,21.7,0.0,12.4,05:45,31.0,15:41,22.0,"2,8","10,3",15:20,34.0,70.0,05:20,21.0,16:10,"0,0",
2022-09-05,3182Y,ARGANDA DEL REY,MADRID,533,20.9,0.0,11.7,05:02,30.1,16:03,25.0,"3,3","10,8",13:30,35.0,57.0,03:40,24.0,16:30,"0,0",
2022-09-06,3182Y,ARGANDA DEL REY,MADRID,533,22.0,0.0,14.0,06:02,29.9,15:44,25.0,"4,2","11,1",15:40,47.0,74.0,05:10,29.0,15:30,"0,0",
2022-09-07,3182Y,ARGANDA DEL REY,MADRID,533,20.5,0.0,12.8,05:53,28.2,14:35,26.0,"3,3","11,4",14:50,39.0,65.0,Varias,20.0,14:50,"0,0",
2022-09-08,3182Y,ARGANDA DEL REY,MADRID,533,24.1,0.0,18.0,04:53,30.2,15:33,25.0,"3,6","9,4",11:40,46.0,61.0,Varias,36.0,15:20,"0,0",
2022-09-09,3182Y,ARGANDA DEL REY,MADRID,533,25.8,0.0,18.7,03:29,32.8,16:02,28.0,"1,9","7,5",13:40,43.0,73.0,02:30,29.0,18:00,"0,0",
2022-09-10,3182Y,ARGANDA DEL REY,MADRID,533,25.4,0.0,15.9,05:38,35.0,15:54,22.0,"1,9","7,8",11:40,34.0,62.0,04:30,24.0,16:00,"0,0",
2022-09-11,3182Y,ARGANDA DEL REY,MADRID,533,27.0,1.0,16.9,06:04,37.0,15:23,13.0,"2,2","10,3",22:30,33.0,60.0,04:20,19.0,14:00,"0,0",
2022-09-12,3182Y,ARGANDA DEL REY,MADRID,533,27.4,10.4,22.3,Varias,32.6,10:13,25.0,"3,9","13,1",15:20,43.0,66.0,03:20,31.0,10:20,"2,4",03:05
2022-09-13,3182Y,ARGANDA DEL REY,MADRID,533,21.6,1.6,16.9,23:55,26.2,14:47,24.0,"6,1","17,5",01:40,64.0,90.0,05:20,38.0,00:40,"13,2",03:55
2022-09-14,3182Y,ARGANDA DEL REY,MADRID,533,20.2,0.0,14.7,05:24,25.6,16:22,26.0,"2,8","10,8",13:00,62.0,91.0,06:50,43.0,13:20,"0,0",
2022-09-15,3182Y,ARGANDA DEL REY,MADRID,533,22.2,0.0,17.3,23:42,27.2,17:00,28.0,"2,2","6,7",08:00,64.0,84.0,06:00,43.0,16:20,"0,0",
2022-09-16,3182Y,ARGANDA DEL REY,MADRID,533,22.4,0.0,14.6,05:10,30.1,16:01,28.0,"1,1","6,4",14:00,53.0,88.0,Varias,34.0,15:50,"0,0",
2022-09-17,3182Y,ARGANDA DEL REY,MADRID,533,23.4,0.0,15.9,05:44,30.9,15:27,1.0,"1,9","6,7",06:40,41.0,70.0,04:50,28.0,13:00,"0,0",
2022-09-18,3182Y,ARGANDA DEL REY,MADRID,533,23.7,0.2,17.3,06:11,30.1,13:01,99.0,"1,7","7,8",20:40,48.0,70.0,01:30,37.0,17:10,"1,2",15:55
2022-09-19,3182Y,ARGANDA DEL REY,MADRID,533,24.1,9.4,16.4,05:50,31.8,15:56,36.0,"1,9","6,1",16:30,53.0,84.0,05:30,35.0,15:40,"0,0",
2022-09-20,3182Y,ARGANDA DEL REY,MADRID,533,23.6,0.0,17.2,06:44,29.9,16:15,1.0,"1,1","7,8",14:10,63.0,89.0,Varias,37.0,15:40,"21,6",01:55
2022-09-21,3182Y,ARGANDA DEL REY,MADRID,533,22.6,0.0,15.4,06:07,29.8,13:27,15.0,"1,4","9,2",15:00,56.0,84.0,04:00,37.0,13:30,"0,0",
2022-09-22,3182Y,ARGANDA DEL REY,MADRID,533,21.9,0.0,13.9,06:04,29.9,15:35,23.0,"1,9","7,5",14:20,53.0,88.0,06:40,33.0,14:30,"0,0",
2022-09-23,3182Y,ARGANDA DEL REY,MADRID,533,22.4,0.0,15.8,06:16,29.0,15:45,22.0,"3,1","9,4",13:10,47.0,84.0,06:40,23.0,13:30,"0,0",
2022-09-24,3182Y,ARGANDA DEL REY,MADRID,533,19.8,0.0,12.2,05:48,27.5,14:35,27.0,"1,9","8,9",15:10,43.0,72.0,06:30,27.0,14:50,"0,0",
2022-09-25,3182Y,ARGANDA DEL REY,MADRID,533,17.4,0.0,11.4,Varias,23.5,14:17,3.0,"4,2","9,7",18:20,40.0,67.0,05:00,29.0,Varias,"0,0",
2022-09-26,3182Y,ARGANDA DEL REY,MADRID,533,18.0,0.0,11.1,23:56,24.8,16:03,2.0,"1,9","9,7",00:50,43.0,63.0,23:59,28.0,Varias,"0,0",
2022-09-27,3182Y,ARGANDA DEL REY,MADRID,533,16.4,0.0,6.8,05:27,26.1,14:37,30.0,"1,4","7,8",15:10,47.0,80.0,06:40,26.0,15:50,"0,0",
2022-09-28,3182Y,ARGANDA DEL REY,MADRID,533,16.6,0.0,8.1,05:56,25.0,14:54,26.0,"3,3","11,4",13:40,50.0,76.0,06:00,34.0,Varias,"0,0",
2022-09-29,3182Y,ARGANDA DEL REY,MADRID,533,14.0,0.0,9.9,23:22,18.1,00:01,28.0,"3,1","9,4",02:10,61.0,84.0,23:20,51.0,11:40,"0,0",
2022-09-30,3182Y,ARGANDA DEL REY,MADRID,533,14.8,0.0,6.9,06:17,22.6,15:12,34.0,"1,9","10,6",11:00,51.0,81.0,06:20,33.0,Varias,"0,0",
2022-10-01,3182Y,ARGANDA DEL REY,MADRID,533,16.2,0.0,6.1,05:18,26.4,16:04,24.0,"1,9","6,7",12:40,44.0,79.0,06:00,25.0,15:40,"0,0",
2022-10-02,3182Y,ARGANDA DEL REY,MADRID,533,19.8,0.0,8.2,05:38,31.3,16:02,10.0,"0,8","5,6",13:20,32.0,72.0,05:50,12.0,16:10,"0,0",
2022-10-03,3182Y,ARGANDA DEL REY,MADRID,533,20.9,0.0,11.7,03:35,30.1,16:22,8.0,"0,8","3,6",08:40,34.0,49.0,06:40,19.0,16:30,"0,0",
2022-10-04,3182Y,ARGANDA DEL REY,MADRID,533,20.9,0.0,9.6,06:11,32.2,15:14,8.0,"0,8","4,2",13:10,38.0,67.0,06:30,21.0,15:40,"0,0",
2022-10-05,3182Y,ARGANDA DEL REY,MADRID,533,20.8,0.0,11.3,06:05,30.2,15:28,23.0,"1,1","5,3",13:20,45.0,65.0,06:10,31.0,14:40,"0,0",
2022-10-06,3182Y,ARGANDA DEL REY,MADRID,533,20.8,0.0,13.4,06:23,28.3,15:13,9.0,"1,1","10,0",13:40,48.0,79.0,05:30,30.0,14:00,"0,0",
2022-10-07,3182Y,ARGANDA DEL REY,MADRID,533,19.5,0.0,12.5,06:17,26.5,15:19,20.0,"0,6","3,9",11:20,56.0,85.0,06:30,37.0,16:50,"0,0",
2022-10-08,3182Y,ARGANDA DEL REY,MADRID,533,20.2,0.0,12.1,06:28,28.2,15:02,12.0,"1,4","11,1",20:50,52.0,81.0,06:40,32.0,Varias,"0,0",
2022-10-09,3182Y,ARGANDA DEL REY,MADRID,533,20.6,0.0,14.1,03:28,27.1,14:37,20.0,"1,4","5,8",14:10,54.0,76.0,03:40,38.0,16:10,"0,0",
2022-10-10,3182Y,ARGANDA DEL REY,MADRID,533,18.6,2.0,14.2,02:31,23.1,14:26,27.0,"2,2","8,6",15:50,70.0,88.0,08:50,46.0,15:10,"2,4",Varias
2022-10-11,3182Y,ARGANDA DEL REY,MADRID,533,19.0,1.6,13.1,23:46,24.9,12:54,10,"0,8","6,9",13:40,68,87,Varias,49,13:00,"4,8",13:05
2022-10-12,3182Y,ARGANDA DEL REY,MADRID,533,18.1,0.0,10.7,05:20,25.5,15:20,99,"1,1","5,6",13:30,63,93,Varias,40,16:10,"0,0",
2022-10-13,3182Y,ARGANDA DEL REY,MADRID,533,18.5,,10.7,04:50,26.3,14:51,,"1,1",,,56,,,,,,
2022-10-14,3182Y,ARGANDA DEL REY,MADRID,533,18.8,0.0,8.6,06:13,29.0,15:16,22,"1,4","5,3",13:20,53,86,07:00,31,Varias,"0,0",
2022-10-15,3182Y,ARGANDA DEL REY,MADRID,533,18.8,0.0,9.1,06:37,28.6,13:48,25,"1,7","8,1",14:40,51,85,07:00,28,15:20,"0,0",
2022-10-16,3182Y,ARGANDA DEL REY,MADRID,533,18.4,0.0,8.8,06:40,28.0,14:49,15.0,"1,9","7,8",15:10,48.0,79.0,07:10,29.0,16:20,"0,0",
2022-10-17,3182Y,ARGANDA DEL REY,MADRID,533,22.2,0.0,16.0,06:20,28.4,16:02,27,"1,7","7,5",00:20,55,84,02:10,35,15:50,"0,0",
2022-10-18,3182Y,ARGANDA DEL REY,MADRID,533,22.2,0.0,13.5,05:46,30.8,15:16,23,"1,7","8,1",13:10,52,85,Varias,30,15:20,"0,0",
2022-10-19,3182Y,ARGANDA DEL REY,MADRID,533,21.2,,14.0,06:14,28.5,11:48,23,"5,3","18,9",15:40,53,77,06:30,31,14:00,,
2022-10-20,3182Y,ARGANDA DEL REY,MADRID,533,18.8,,14.8,19:53,22.7,11:49,22,"5,0","15,3",12:30,64,92,23:59,42,12:00,,
2022-10-21,3182Y,ARGANDA DEL REY,MADRID,533,17.0,,14.8,06:55,19.3,12:54,22,"3,1","10,6",13:00,77,94,07:20,63,13:00,,
2022-10-22,3182Y,ARGANDA DEL REY,MADRID,533,18.5,,13.0,06:48,24.0,15:39,26,"5,3","16,4",18:00,72,95,07:50,51,17:30,,
2022-10-23,3182Y,ARGANDA DEL REY,MADRID,533,16.2,,13.5,23:59,18.8,08:56,20,"4,2","12,2",09:30,77,91,23:50,64,09:30,,
2022-10-24,3182Y,ARGANDA DEL REY,MADRID,533,15.1,,11.5,06:10,18.7,14:49,07,"0,8","2,2",07:20,80,95,Varias,66,Varias,,
2022-10-25,3182Y,ARGANDA DEL REY,MADRID,533,18.7,,12.1,05:50,25.3,14:43,25,"2,8","9,7",13:00,62,92,Varias,33,15:00,,
2022-10-26,3182Y,ARGANDA DEL REY,MADRID,533,18.7,,12.8,05:27,24.6,15:51,09,"1,4","4,4",21:40,60,88,05:40,40,15:50,,
2022-10-27,3182Y,ARGANDA DEL REY,MADRID,533,20.5,,13.7,06:54,27.3,12:28,34,"0,8","5,6",13:30,51,80,07:00,32,13:00,,
2022-10-28,3182Y,ARGANDA DEL REY,MADRID,533,20.2,,12.2,06:44,28.1,14:23,35,"1,7","4,4",13:10,57,83,05:10,36,14:20,,
2022-10-29,3182Y,ARGANDA DEL REY,MADRID,533,20.0,,12.2,07:00,27.7,14:45,11,"1,4","7,2",00:40,50,77,07:30,29,14:20,,
2022-10-30,3182Y,ARGANDA DEL REY,MADRID,533,15.8,,10.8,23:56,20.9,15:20,26,"1,1","5,3",11:20,68,85,23:50,53,15:10,,
2022-10-31,3182Y,ARGANDA DEL REY,MADRID,533,13.2,,9.2,06:12,17.3,13:44,19,"0,6","3,6",17:20,81,91,Varias,70,12:50,,
2022-11-01,3182Y,ARGANDA DEL REY,MADRID,533,16.0,,10.1,06:33,21.9,15:30,28,"0,6","3,6",11:40,74,96,09:10,53,15:30,,
2022-11-02,3182Y,ARGANDA DEL REY,MADRID,533,16.2,,8.7,06:44,23.7,15:04,22,"0,8","4,2",14:20,65,92,04:00,43,15:10,,
2022-11-03,3182Y,ARGANDA DEL REY,MADRID,533,15.0,,11.0,03:23,18.9,12:45,24,"4,7","11,4",13:00,70,91,Varias,34,12:10,,
2022-11-04,3182Y,ARGANDA DEL REY,MADRID,533,11.6,,5.0,23:49,18.1,14:56,36,"1,4","6,1",17:20,61,96,08:50,36,16:50,,
2022-11-05,3182Y,ARGANDA DEL REY,MADRID,533,10.8,,2.6,Varias,19.1,15:26,99,"0,6","3,3",Varias,61,90,07:10,37,Varias,,
2022-11-06,3182Y,ARGANDA DEL REY,MADRID,533,11.2,,1.8,06:51,20.6,15:07,20,"1,7","4,4",13:20,59,89,07:10,35,15:30,,
2022-11-07,3182Y,ARGANDA DEL REY,MADRID,533,12.4,,4.6,05:41,20.1,15:46,22,"0,8","6,1",14:40,66,88,Varias,41,16:00,,
2022-11-08,3182Y,ARGANDA DEL REY,MADRID,533,12.4,,6.3,05:43,18.4,12:20,21,"3,3","9,7",13:00,74,89,Varias,56,12:30,,
2022-11-09,3182Y,ARGANDA DEL REY,MADRID,533,12.4,,7.4,23:19,17.5,15:29,26,"2,5","6,7",07:10,83,94,06:30,65,15:30,,
2022-11-10,3182Y,ARGANDA DEL REY,MADRID,533,11.6,,4.1,04:57,19.0,15:39,,"0,0",,,74,,,,,,
2022-11-11,3182Y,ARGANDA DEL REY,MADRID,533,11.2,,4.9,05:10,17.6,13:22,99,"1,7","7,8",Varias,74,93,05:40,58,11:30,,
2022-11-12,3182Y,ARGANDA DEL REY,MADRID,533,15.8,,10.6,06:30,20.9,13:50,21,"4,2","18,9",16:50,76,92,09:10,53,16:40,,
2022-11-13,3182Y,ARGANDA DEL REY,MADRID,533,13.3,,6.9,07:13,19.7,14:29,08,"0,6","3,6",08:30,78,95,07:40,60,15:00,,
2022-11-14,3182Y,ARGANDA DEL REY,MADRID,533,12.4,,7.2,01:31,17.6,14:54,99,"1,9","7,5",14:50,83,96,08:10,68,15:00,,
2022-11-15,3182Y,ARGANDA DEL REY,MADRID,533,14.5,,13.0,04:26,16.0,13:21,22,"4,7","12,5",12:00,89,96,22:00,71,13:50,,
2022-11-16,3182Y,ARGANDA DEL REY,MADRID,533,12.6,,11.2,06:46,14.0,00:18,25,"5,0","11,1",01:40,90,95,00:00,82,11:30,,
2022-11-17,3182Y,ARGANDA DEL REY,MADRID,533,14.8,,11.2,Varias,18.4,14:40,24,"5,8","15,0",15:00,86,95,00:40,69,14:50,,
2022-11-18,3182Y,ARGANDA DEL REY,MADRID,533,11.6,,8.3,23:42,14.9,14:19,28,"2,8","9,7",13:40,70,93,01:00,44,15:10,,
2022-11-19,3182Y,ARGANDA DEL REY,MADRID,533,9.6,,5.4,07:21,13.9,13:35,26,"2,5","11,1",00:10,55,76,06:40,38,13:00,,
2022-11-20,3182Y,ARGANDA DEL REY,MADRID,533,10.0,,2.1,07:10,17.9,14:26,26,"2,5","10,6",14:10,78,94,07:50,59,14:00,,
2022-11-21,3182Y,ARGANDA DEL REY,MADRID,533,10.6,8.2,6.5,23:31,14.6,15:16,24,"7,5","16,1",10:50,82,94,07:40,60,16:30,"9,6",14:25
2022-11-22,3182Y,ARGANDA DEL REY,MADRID,533,9.8,1.4,5.8,03:36,13.9,23:37,27,"5,6","14,4",11:50,82,94,20:50,62,00:00,"2,4",Varias
2022-11-23,3182Y,ARGANDA DEL REY,MADRID,533,14.8,0.0,12.0,23:57,17.7,14:25,25.0,"6,7","15,3",07:10,87.0,93.0,Varias,79.0,14:50,"0,0",
2022-11-24,3182Y,ARGANDA DEL REY,MADRID,533,12.8,3.6,8.4,06:02,17.3,14:26,23.0,"3,3","7,5",14:40,84.0,97.0,08:10,74.0,14:20,"2,4",21:05
2022-11-25,3182Y,ARGANDA DEL REY,MADRID,533,9.2,0.0,3.0,23:56,15.3,13:28,29.0,"1,7","10,0",09:00,65.0,95.0,Varias,45.0,15:20,"1,2",Varias
2022-11-26,3182Y,ARGANDA DEL REY,MADRID,533,8.2,0.0,1.6,03:51,14.7,14:28,26.0,"0,8","2,8",14:40,73.0,94.0,08:00,48.0,14:10,"0,0",
2022-11-27,3182Y,ARGANDA DEL REY,MADRID,533,7.8,4.6,0.8,05:58,14.9,14:35,26.0,"1,1","7,2",23:30,75.0,95.0,08:00,51.0,15:10,"7,2",23:25
2022-11-28,3182Y,ARGANDA DEL REY,MADRID,533,7.6,0.0,1.9,24:00,13.3,14:23,28.0,"2,2","10,0",13:40,69.0,97.0,08:00,51.0,Varias,"2,4",00:10
2022-11-29,3182Y,ARGANDA DEL REY,MADRID,533,6.8,0.0,-0.4,06:27,14.0,14:35,32,"0,3","3,9",14:30,75,95,07:40,48,15:40,"0,0",
2022-11-30,3182Y,ARGANDA DEL REY,MADRID,533,7.2,0.0,1.1,04:53,13.2,14:06,16,"0,6","4,2",13:50,76,95,08:00,52,14:20,"0,0",
2022-12-01,3182Y,ARGANDA DEL REY,MADRID,533,,,,,,,,"2,2",,,68,,,,,,
2022-12-02,3182Y,ARGANDA DEL REY,MADRID,533,7.0,0.0,2.1,00:58,11.9,14:23,06,"0,6","3,3",08:50,71,88,23:50,59,Varias,"0,0",
2022-12-03,3182Y,ARGANDA DEL REY,MADRID,533,5.5,0.0,0.0,06:09,11.0,14:29,20,"1,1","6,1",15:20,80,94,Varias,62,14:30,"0,0",
2022-12-04,3182Y,ARGANDA DEL REY,MADRID,533,5.5,1.4,2.9,00:19,8.1,16:04,6.0,"0,8","4,2",15:50,89.0,93.0,05:10,86.0,13:50,"1,2",Varias
2022-12-05,3182Y,ARGANDA DEL REY,MADRID,533,8.3,7.0,6.0,03:01,10.6,14:50,5.0,"0,8","4,4",02:50,93.0,95.0,19:30,91.0,10:10,"2,4",17:45
2022-12-06,3182Y,ARGANDA DEL REY,MADRID,533,10.6,0.0,8.8,Varias,12.4,13:11,4.0,"0,8","2,5",12:30,91.0,97.0,09:10,84.0,14:00,"1,2",03:05
2022-12-07,3182Y,ARGANDA DEL REY,MADRID,533,10.7,1.4,7.1,22:34,14.3,15:56,99.0,"0,3","2,8",10:50,88.0,97.0,Varias,75.0,15:20,"0,0",
2022-12-08,3182Y,ARGANDA DEL REY,MADRID,533,10.4,14.8,7.3,Varias,13.6,13:37,16.0,"2,8","9,4",12:20,91.0,96.0,Varias,85.0,13:50,"16,8",17:45
2022-12-09,3182Y,ARGANDA DEL REY,MADRID,533,10.1,6.0,8.0,06:39,12.2,14:20,22.0,"0,8","5,6",23:40,95.0,97.0,10:10,89.0,14:40,"3,6",11:05
2022-12-10,3182Y,ARGANDA DEL REY,MADRID,533,10.8,8.2,8.1,02:13,13.4,14:03,26.0,"2,8","10,0",22:10,86.0,97.0,Varias,73.0,14:50,"2,4",Varias
2022-12-11,3182Y,ARGANDA DEL REY,MADRID,533,8.2,4.0,6.6,08:38,9.8,Varias,22.0,"1,1","8,6",00:10,92.0,96.0,Varias,81.0,00:00,"4,8",Varias
2022-12-12,3182Y,ARGANDA DEL REY,MADRID,533,11.8,16.4,8.1,Varias,15.6,20:33,24.0,"4,2","13,9",20:30,92.0,98.0,Varias,86.0,13:00,"4,8",14:15
2022-12-13,3182Y,ARGANDA DEL REY,MADRID,533,14.2,32.0,13.0,05:55,15.4,18:55,24.0,"3,3","14,2",21:30,95.0,97.0,Varias,85.0,23:10,"21,6",08:15
2022-12-14,3182Y,ARGANDA DEL REY,MADRID,533,13.2,12.6,10.8,Varias,15.6,14:47,25.0,"1,4","10,8",15:00,93.0,96.0,22:00,80.0,14:50,"22,8",17:15
2022-12-15,3182Y,ARGANDA DEL REY,MADRID,533,10.0,0.2,7.9,22:44,12.1,13:24,99.0,"3,6","9,7",11:50,87.0,96.0,Varias,77.0,13:30,"1,2",Varias
2022-12-16,3182Y,ARGANDA DEL REY,MADRID,533,9.2,1.4,5.9,04:51,12.4,11:18,99.0,"1,1","4,7",Varias,87.0,96.0,Varias,77.0,11:30,"2,4",13:25
2022-12-17,3182Y,ARGANDA DEL REY,MADRID,533,10.7,0.0,8.3,23:59,13.1,13:50,99.0,"0,8","2,8",Varias,86.0,95.0,Varias,72.0,14:10,"1,2",Varias
2022-12-18,3182Y,ARGANDA DEL REY,MADRID,533,9.6,0.0,5.4,24:00,13.8,15:48,25.0,"1,1","4,2",13:40,88.0,98.0,06:50,72.0,15:30,"0,0",
2022-12-19,3182Y,ARGANDA DEL REY,MADRID,533,8.3,0.0,3.1,03:20,13.5,15:17,4.0,"1,4","4,2",09:10,86.0,97.0,07:40,73.0,15:20,"0,0",
2022-12-20,3182Y,ARGANDA DEL REY,MADRID,533,7.5,5.0,4.2,04:30,10.8,12:57,28.0,"0,6","4,2",12:10,91.0,98.0,09:10,86.0,13:00,"9,6",18:35
2022-12-21,3182Y,ARGANDA DEL REY,MADRID,533,10.4,0.2,6.9,04:09,14.0,13:21,22.0,"2,8","8,3",11:30,89.0,99.0,Varias,79.0,13:30,"1,2",08:05
2022-12-22,3182Y,ARGANDA DEL REY,MADRID,533,13.2,0.0,11.0,08:21,15.5,13:30,23.0,"3,1","8,1",13:00,87.0,96.0,09:30,78.0,13:40,"0,0",
2022-12-23,3182Y,ARGANDA DEL REY,MADRID,533,11.3,0.0,10.0,23:32,12.6,13:51,24.0,"1,7","6,1",10:40,88.0,96.0,05:20,83.0,16:20,"0,0",
2022-12-24,3182Y,ARGANDA DEL REY,MADRID,533,8.8,0.0,6.0,21:01,11.6,16:21,25.0,"0,6","3,1",13:30,91.0,97.0,Varias,84.0,16:40,"0,0",
2022-12-25,3182Y,ARGANDA DEL REY,MADRID,533,11.1,0.0,4.9,06:52,17.3,14:32,12.0,"1,7","8,3",09:50,77.0,100.0,09:10,56.0,15:10,"0,0",
2022-12-26,3182Y,ARGANDA DEL REY,MADRID,533,11.1,0.0,3.1,07:10,19.1,15:42,8.0,"0,6","2,5",10:20,76.0,97.0,Varias,48.0,15:30,"0,0",
2022-12-27,3182Y,ARGANDA DEL REY,MADRID,533,10.0,0.0,2.5,07:44,17.4,14:57,8.0,"0,6","2,8",10:10,79.0,96.0,08:00,56.0,15:00,"0,0",
2022-12-28,3182Y,ARGANDA DEL REY,MADRID,533,7.6,0.0,0.5,07:37,14.8,15:10,23.0,"1,9","5,0",16:10,82.0,97.0,Varias,63.0,15:50,"0,0",
2022-12-29,3182Y,ARGANDA DEL REY,MADRID,533,9.6,0.0,6.4,03:34,12.9,15:32,21.0,"3,6","8,1",17:00,87.0,92.0,Varias,80.0,Varias,"0,0",
2022-12-30,3182Y,ARGANDA DEL REY,MADRID,533,10.4,0.0,6.2,23:55,14.6,13:59,23.0,"3,6","13,1",01:40,68.0,82.0,00:00,56.0,16:00,"0,0",
2022-12-31,3182Y,ARGANDA DEL REY,MADRID,533,8.6,0.0,0.6,06:44,16.6,15:00,7.0,"0,8","3,6",10:20,74.0,96.0,08:40,44.0,16:30,"0,0",
2023-01-01,3182Y,ARGANDA DEL REY,MADRID,533,9.4,0.0,3.4,00:32,15.5,14:06,25.0,"0,6","5,8",23:50,70.0,90.0,01:40,45.0,14:30,"0,0",
2023-01-02,3182Y,ARGANDA DEL REY,MADRID,533,10.6,0.0,8.3,23:58,12.8,14:24,12.0,"0,8","3,9",12:40,84.0,90.0,Varias,54.0,00:00,"0,0",
2023-01-03,3182Y,ARGANDA DEL REY,MADRID,533,8.8,0.0,3.1,23:54,14.6,15:23,24.0,"0,6","2,8",14:30,81.0,95.0,07:20,59.0,15:50,"0,0",
2023-01-04,3182Y,ARGANDA DEL REY,MADRID,533,7.3,0.0,0.2,07:40,14.4,15:24,21.0,"0,3","2,8",14:40,75.0,96.0,08:40,52.0,15:20,"0,0",
2023-01-05,3182Y,ARGANDA DEL REY,MADRID,533,6.2,0.0,-1.2,06:29,13.6,15:26,24.0,"0,6","3,9",14:30,73.0,95.0,08:10,47.0,16:20,"0,0",
2023-01-06,3182Y,ARGANDA DEL REY,MADRID,533,5.4,0.0,-2.1,07:04,12.9,15:42,24.0,"0,6","3,6",14:00,77.0,96.0,08:50,56.0,15:50,"0,0",
2023-01-07,3182Y,ARGANDA DEL REY,MADRID,533,3.8,0.8,-1.6,02:22,9.3,24:00,22.0,"0,3","3,3",23:40,88.0,97.0,Varias,80.0,14:30,"1,2",23:25
2023-01-08,3182Y,ARGANDA DEL REY,MADRID,533,12.0,3.2,9.3,00:01,14.8,14:23,24.0,"7,2","17,5",16:00,88.0,96.0,Varias,82.0,14:30,"4,8",19:15
2023-01-09,3182Y,ARGANDA DEL REY,MADRID,533,8.7,0.0,2.9,23:57,14.5,13:46,24.0,"2,8","11,7",08:40,67.0,94.0,Varias,46.0,15:30,"0,0",
2023-01-10,3182Y,ARGANDA DEL REY,MADRID,533,6.4,0.0,0.1,06:49,12.6,15:59,24.0,"1,4","6,4",19:50,87.0,94.0,Varias,74.0,Varias,"0,0",
2023-01-11,3182Y,ARGANDA DEL REY,MADRID,533,6.5,0.2,3.0,22:53,10.0,16:00,24.0,"1,1","6,4",02:00,92.0,95.0,Varias,88.0,Varias,"0,0",
2023-01-12,3182Y,ARGANDA DEL REY,MADRID,533,6.3,0.0,0.6,07:53,12.0,15:28,23.0,"1,1","3,9",14:30,83.0,100.0,10:00,65.0,Varias,"1,2",06:25
2023-01-13,3182Y,ARGANDA DEL REY,MADRID,533,6.3,0.0,1.4,23:53,11.2,15:00,22.0,"0,8","5,3",14:20,84.0,98.0,09:10,73.0,Varias,"0,0",
2023-01-14,3182Y,ARGANDA DEL REY,MADRID,533,5.9,0.2,0.8,Varias,11.0,14:56,23.0,"0,8","3,9",15:00,94.0,99.0,Varias,77.0,15:20,"1,2",08:45
2023-01-15,3182Y,ARGANDA DEL REY,MADRID,533,8.2,0.0,3.2,00:01,13.1,14:20,30.0,"1,9","10,8",15:20,82.0,99.0,Varias,48.0,15:50,"0,0",
2023-01-16,3182Y,ARGANDA DEL REY,MADRID,533,6.7,0.8,2.5,01:52,10.9,16:04,25.0,"9,2","21,4",22:20,80.0,89.0,09:40,64.0,00:10,"1,2",Varias
2023-01-17,3182Y,ARGANDA DEL REY,MADRID,533,7.8,0.6,4.1,24:00,11.6,14:05,28.0,"8,9","20,3",12:40,64.0,91.0,07:20,46.0,13:00,"1,2",Varias
2023-01-18,3182Y,ARGANDA DEL REY,MADRID,533,4.2,0.0,-0.4,21:34,8.9,12:32,26.0,"5,0","11,1",03:00,59.0,85.0,21:40,44.0,13:50,"0,0",
2023-01-19,3182Y,ARGANDA DEL REY,MADRID,533,4.2,0.0,-1.0,07:17,9.3,15:35,24.0,"5,0","13,6",18:00,72.0,87.0,23:59,51.0,13:20,"0,0",
2023-01-20,3182Y,ARGANDA DEL REY,MADRID,533,10.3,0.0,5.2,07:07,15.4,13:23,24.0,"0,8","7,8",00:10,66.0,92.0,Varias,48.0,13:50,"0,0",
2023-01-21,3182Y,ARGANDA DEL REY,MADRID,533,5.8,0.0,0.7,24:00,10.9,14:18,36.0,"3,1","11,7",19:00,61.0,93.0,08:00,38.0,15:10,"0,0",
2023-01-22,3182Y,ARGANDA DEL REY,MADRID,533,4.0,0.0,-2.2,07:31,10.1,14:37,35.0,"2,5","10,6",15:00,45.0,72.0,07:40,28.0,15:30,"0,0",
2023-01-23,3182Y,ARGANDA DEL REY,MADRID,533,2.8,0.0,-4.8,05:02,10.4,15:01,36.0,"2,8","12,5",16:20,62.0,90.0,08:20,42.0,14:50,"0,0",
2023-01-24,3182Y,ARGANDA DEL REY,MADRID,533,1.8,0.0,-3.3,03:47,6.9,13:54,7.0,"1,7","8,6",14:30,63.0,86.0,04:40,49.0,16:00,"0,0",
2023-01-25,3182Y,ARGANDA DEL REY,MADRID,533,3.9,0.0,-3.7,05:56,11.5,16:34,2.0,"1,1","7,5",19:00,59.0,86.0,Varias,36.0,15:50,"0,0",
2023-01-26,3182Y,ARGANDA DEL REY,MADRID,533,4.0,0.0,-3.2,06:20,11.1,14:28,99.0,"3,3","9,4",Varias,61.0,91.0,08:20,41.0,Varias,"0,0",
2023-01-27,3182Y,ARGANDA DEL REY,MADRID,533,2.4,0.0,-4.6,06:59,9.4,11:44,35.0,"4,4","13,1",16:40,61.0,93.0,08:10,44.0,12:00,"0,0",
2023-01-28,3182Y,ARGANDA DEL REY,MADRID,533,3.0,0.0,-5.3,07:21,11.2,15:32,1.0,"2,8","9,7",17:20,59.0,89.0,08:10,36.0,14:30,"0,0",
2023-01-29,3182Y,ARGANDA DEL REY,MADRID,533,1.8,0.0,-5.2,07:30,8.7,15:48,5.0,"1,4","9,4",10:40,59.0,88.0,08:10,43.0,15:40,"0,0",
2023-01-30,3182Y,ARGANDA DEL REY,MADRID,533,3.4,0.0,-4.0,05:59,10.8,16:33,6.0,"0,8","3,6",09:20,60.0,86.0,07:50,37.0,16:40,"0,0",
2023-01-31,3182Y,ARGANDA DEL REY,MADRID,533,4.2,0.0,-5.0,04:29,13.3,16:15,28.0,"0,6","3,9",15:20,61.0,88.0,Varias,36.0,15:40,"0,0",
2023-02-01,3182Y,ARGANDA DEL REY,MADRID,533,5.4,0.0,-3.9,07:33,14.7,16:05,99.0,"0,8","3,3",Varias,59.0,88.0,08:10,40.0,15:40,"0,0",
2023-02-02,3182Y,ARGANDA DEL REY,MADRID,533,6.7,0.0,-2.6,04:18,16.0,16:54,99.0,"0,8","3,3",Varias,56.0,87.0,06:00,35.0,Varias,"0,0",
2023-02-03,3182Y,ARGANDA DEL REY,MADRID,533,7.4,0.0,-3.6,07:03,18.5,16:28,7.0,"1,1","3,6",14:30,53.0,89.0,07:50,26.0,16:30,"0,0",
2023-02-04,3182Y,ARGANDA DEL REY,MADRID,533,7.8,0.0,-3.6,04:37,19.3,16:20,22.0,"0,3","3,1",13:30,50.0,83.0,Varias,26.0,Varias,"0,0",
2023-02-05,3182Y,ARGANDA DEL REY,MADRID,533,8.1,0.0,-3.6,07:02,19.8,16:36,6.0,"0,8","3,3",10:50,42.0,78.0,03:20,22.0,15:10,"0,0",
2023-02-06,3182Y,ARGANDA DEL REY,MADRID,533,4.9,0.0,-3.5,07:25,13.3,15:54,4.0,"2,8","12,2",11:20,56.0,84.0,06:40,32.0,13:00,"0,0",
2023-02-07,3182Y,ARGANDA DEL REY,MADRID,533,4.0,1.8,-2.3,06:34,10.2,15:17,8.0,"1,1","8,6",18:40,74.0,87.0,Varias,52.0,15:20,"2,4",Varias
2023-02-08,3182Y,ARGANDA DEL REY,MADRID,533,6.8,0.0,2.5,05:14,11.2,Varias,2.0,"1,7","7,2",09:30,67.0,82.0,00:00,55.0,Varias,"0,0",
2023-02-09,3182Y,ARGANDA DEL REY,MADRID,533,7.3,0.0,2.1,23:33,12.5,14:33,34.0,"0,8","4,7",14:30,69.0,91.0,08:10,47.0,14:40,"0,0",
2023-02-10,3182Y,ARGANDA DEL REY,MADRID,533,5.9,0.0,0.1,07:08,11.7,14:41,12.0,"1,4","8,1",14:30,59.0,88.0,07:30,39.0,16:00,"0,0",
2023-02-11,3182Y,ARGANDA DEL REY,MADRID,533,5.1,0.0,-2.7,07:05,12.9,14:46,13.0,"1,7","9,7",16:20,59.0,87.0,07:20,40.0,14:50,"0,0",
2023-02-12,3182Y,ARGANDA DEL REY,MADRID,533,6.0,0.0,-1.8,07:25,13.7,14:36,10.0,"1,7","6,7",17:00,59.0,85.0,07:30,44.0,15:30,"0,0",
2023-02-13,3182Y,ARGANDA DEL REY,MADRID,533,5.5,0.0,-1.6,05:47,12.6,15:19,13.0,"2,2","8,3",12:30,67.0,89.0,06:10,50.0,15:30,"0,0",
2023-02-14,3182Y,ARGANDA DEL REY,MADRID,533,7.6,0.0,1.9,03:34,13.2,13:34,13.0,"2,8","7,8",14:20,64.0,87.0,05:00,52.0,13:40,"0,0",
2023-02-15,3182Y,ARGANDA DEL REY,MADRID,533,7.6,0.0,0.4,07:38,14.9,15:17,12.0,"0,8","5,6",11:30,60.0,91.0,08:10,43.0,15:20,"0,0",
2023-02-16,3182Y,ARGANDA DEL REY,MADRID,533,9.2,0.0,0.4,06:14,17.9,16:14,6.0,"1,1","4,7",13:50,56.0,88.0,06:30,26.0,16:20,"0,0",
2023-02-17,3182Y,ARGANDA DEL REY,MADRID,533,8.6,0.0,-0.8,05:11,18.1,15:18,13.0,"2,2","7,5",13:50,43.0,76.0,06:50,22.0,16:00,"0,0",
2023-02-18,3182Y,ARGANDA DEL REY,MADRID,533,9.5,0.0,1.9,02:20,17.1,16:09,35.0,"1,4","4,7",12:40,42.0,62.0,23:40,33.0,13:00,"0,0",
2023-02-19,3182Y,ARGANDA DEL REY,MADRID,533,12.3,0.0,3.9,07:27,20.7,14:21,6.0,"1,4","6,1",14:00,48.0,79.0,07:40,30.0,14:30,"0,0",
2023-02-20,3182Y,ARGANDA DEL REY,MADRID,533,13.5,0.0,5.2,06:23,21.8,14:24,13,"2,8","11,7",15:40,44,78,Varias,25,14:40,"0,0",
2023-02-21,3182Y,ARGANDA DEL REY,MADRID,533,13.0,0.0,6.1,06:42,19.9,14:44,22,"1,1","7,2",14:20,50,73,23:20,37,Varias,"0,0",
2023-02-22,3182Y,ARGANDA DEL REY,MADRID,533,10.4,,3.0,06:20,17.9,15:09,27,"1,7","7,2",74:20,60,87,07:30,39,15:00,,
2023-02-23,3182Y,ARGANDA DEL REY,MADRID,533,4.9,,-0.2,23:59,10.0,10:39,25,"4,4","14,2",73:10,73,87,06:50,50,17:30,,
2023-02-24,3182Y,ARGANDA DEL REY,MADRID,533,3.9,0.0,-4.0,05:29,11.8,15:36,24,"1,4","5,0",16:50,56,90,05:50,32,16:20,"0,0",
2023-02-25,3182Y,ARGANDA DEL REY,MADRID,533,3.8,0.2,-3.6,07:14,11.3,14:34,07,"1,9","12,8",16:20,63,85,23:30,36,14:10,"1,2",16:05
2023-02-26,3182Y,ARGANDA DEL REY,MADRID,533,5.3,0.0,-3.3,06:04,13.9,14:23,02,"3,3","12,5",22:30,59,91,08:10,35,14:20,"0,0",
2023-02-27,3182Y,ARGANDA DEL REY,MADRID,533,3.8,0.0,-0.3,01:44,8.0,14:07,35,"6,4","13,6",07:10,36,60,01:50,29,13:00,"0,0",
2023-03-02,3182Y,ARGANDA DEL REY,MADRID,533,3.2,0.0,-5.6,04:48,12.1,17:34,35,"1,1","5,3",12:00,48,81,05:40,32,14:20,"0,0",
2023-03-03,3182Y,ARGANDA DEL REY,MADRID,533,4.6,0.0,-4.7,07:05,13.9,15:53,04,"0,6","5,3",20:00,49,83,07:40,31,Varias,"0,0",
2023-03-04,3182Y,ARGANDA DEL REY,MADRID,533,6.5,0.0,-2.0,06:18,15.0,16:31,25.0,"1,1","6,1",14:30,51.0,82.0,07:00,31.0,15:50,"0,0",
2023-03-05,3182Y,ARGANDA DEL REY,MADRID,533,5.1,2.0,-2.2,06:13,12.4,13:39,24.0,"0,8","9,7",15:20,66.0,91.0,23:50,39.0,12:50,"2,4",20:55
2023-03-06,3182Y,ARGANDA DEL REY,MADRID,533,9.7,0.4,4.2,03:52,15.2,14:17,24.0,"4,7","10,3",14:50,78.0,95.0,07:00,57.0,Varias,"0,0",
2023-03-07,3182Y,ARGANDA DEL REY,MADRID,533,12.6,0.4,8.6,01:48,16.6,15:04,23.0,"6,4","13,1",15:40,69.0,95.0,Varias,50.0,15:10,"1,2",Varias
2023-03-08,3182Y,ARGANDA DEL REY,MADRID,533,13.8,11.4,9.2,00:42,18.4,13:02,24.0,"5,3","14,7",16:10,70.0,92.0,06:50,55.0,17:30,"1,2",Varias
2023-03-09,3182Y,ARGANDA DEL REY,MADRID,533,14.9,4.6,11.6,05:32,18.2,14:23,25.0,"4,7","19,7",14:50,73.0,94.0,07:30,58.0,14:30,"19,2",06:35
2023-03-10,3182Y,ARGANDA DEL REY,MADRID,533,14.1,0.0,8.4,06:54,19.8,16:15,26.0,"4,4","11,7",08:40,68.0,89.0,07:00,43.0,16:10,"0,0",
2023-03-11,3182Y,ARGANDA DEL REY,MADRID,533,14.6,0.0,8.0,04:03,21.3,15:29,24.0,"5,0","9,7",13:20,72.0,95.0,Varias,50.0,17:10,"0,0",
2023-03-12,3182Y,ARGANDA DEL REY,MADRID,533,15.0,0.0,7.1,05:50,22.8,16:15,22.0,"1,7","5,0",13:00,68.0,95.0,07:10,48.0,16:40,"0,0",
2023-03-13,3182Y,ARGANDA DEL REY,MADRID,533,14.4,0.0,7.4,05:50,21.5,14:11,24.0,"6,1","18,9",16:50,63.0,94.0,07:30,42.0,14:20,"0,0",
2023-03-14,3182Y,ARGANDA DEL REY,MADRID,533,13.0,0.0,6.3,Varias,19.7,15:47,25.0,"2,5","10,0",01:50,47.0,73.0,23:30,30.0,Varias,"0,0",
2023-03-15,3182Y,ARGANDA DEL REY,MADRID,533,13.1,0.0,3.6,06:56,22.6,16:41,28.0,"0,8","5,3",12:30,48.0,84.0,07:10,26.0,16:00,"0,0",
2023-03-16,3182Y,ARGANDA DEL REY,MADRID,533,14.9,0.0,4.7,06:18,25.1,13:49,23.0,"1,7","7,5",14:10,48.0,82.0,06:30,25.0,13:50,"0,0",
2023-03-17,3182Y,ARGANDA DEL REY,MADRID,533,13.6,0.0,9.4,Varias,17.8,15:05,22.0,"5,8","13,9",15:00,51.0,83.0,08:30,39.0,15:40,"0,0",
2023-03-18,3182Y,ARGANDA DEL REY,MADRID,533,12.2,0.0,6.1,06:40,18.4,15:13,27.0,"2,5","9,4",15:50,64.0,92.0,07:10,39.0,15:00,"0,0",
2023-03-19,3182Y,ARGANDA DEL REY,MADRID,533,11.2,0.0,2.5,06:09,20.0,15:41,2.0,"1,1","7,8",15:50,51.0,91.0,06:50,29.0,15:40,"0,0",
2023-03-20,3182Y,ARGANDA DEL REY,MADRID,533,12.3,0.0,3.2,04:40,21.4,15:35,26.0,"2,2","6,1",14:00,48.0,78.0,06:40,28.0,15:30,"0,0",
2023-03-21,3182Y,ARGANDA DEL REY,MADRID,533,13.4,0.0,3.8,05:30,23.0,16:45,21.0,"1,9","6,1",13:30,47.0,81.0,05:40,27.0,16:20,"0,0",
2023-03-22,3182Y,ARGANDA DEL REY,MADRID,533,13.9,0.0,4.6,03:59,23.2,14:54,24.0,"2,8","9,4",15:30,48.0,78.0,06:40,25.0,16:20,"0,0",
2023-03-23,3182Y,ARGANDA DEL REY,MADRID,533,13.8,0.0,4.2,06:34,23.4,15:19,22.0,"3,9","10,8",13:00,48.0,83.0,06:50,27.0,15:50,"0,0",
2023-03-24,3182Y,ARGANDA DEL REY,MADRID,533,13.8,0.0,7.4,02:26,20.2,15:16,24.0,"3,6","11,7",12:10,65.0,86.0,23:59,51.0,15:00,"0,0",
2023-03-25,3182Y,ARGANDA DEL REY,MADRID,533,14.4,0.0,6.8,03:59,21.9,15:31,24.0,"4,2","10,0",17:10,61.0,95.0,Varias,26.0,15:10,"0,0",
2023-03-26,3182Y,ARGANDA DEL REY,MADRID,533,15.2,0.0,7.9,23:59,22.4,15:06,27.0,"4,4","11,9",12:40,42.0,88.0,06:50,15.0,14:40,"0,0",
2023-03-27,3182Y,ARGANDA DEL REY,MADRID,533,12.7,0.0,3.5,05:39,21.9,17:17,3.0,"1,4","5,0",09:30,36.0,70.0,05:50,19.0,16:10,"0,0",
2023-03-28,3182Y,ARGANDA DEL REY,MADRID,533,14.3,0.0,3.3,05:53,25.3,15:41,24.0,"1,1","4,7",13:20,35.0,65.0,05:50,17.0,16:30,"0,0",
2023-03-29,3182Y,ARGANDA DEL REY,MADRID,533,16.8,0.0,6.3,03:35,27.4,15:35,24.0,"2,2","7,2",16:10,38.0,67.0,06:20,22.0,Varias,"0,0",
2023-03-30,3182Y,ARGANDA DEL REY,MADRID,533,16.4,0.0,9.1,06:17,23.6,14:59,27.0,"6,7","13,9",18:00,47.0,69.0,06:20,27.0,Varias,"0,0",
2023-03-31,3182Y,ARGANDA DEL REY,MADRID,533,16.0,0.0,10.1,06:18,21.8,15:56,25.0,"6,1","12,2",17:50,59.0,77.0,06:20,45.0,14:40,"0,0",
2023-04-01,3182Y,ARGANDA DEL REY,MADRID,533,15.7,0.0,10.1,05:34,21.3,16:14,27,"4,7","14,7",15:30,43,60,02:00,37,Varias,"0,0",
2023-04-02,3182Y,ARGANDA DEL REY,MADRID,533,12.5,0.0,5.3,06:15,19.7,15:08,36,"3,3","11,9",02:20,37,59,06:10,24,16:40,"0,0",
2023-04-03,3182Y,ARGANDA DEL REY,MADRID,533,11.4,,1.5,06:14,21.4,15:08,02,"1,1","6,4",13:10,37,69,05:00,17,15:30,"0,0",
2023-04-04,3182Y,ARGANDA DEL REY,MADRID,533,,,,,,,,"3,3",,,26,,,,,,
2023-04-05,3182Y,ARGANDA DEL REY,MADRID,533,13.2,0.0,2.1,05:59,24.2,16:23,11,,"7,5",60:30,,45,06:00,10,18:00,"0,0",
2023-04-06,3182Y,ARGANDA DEL REY,MADRID,533,15.3,0.0,5.2,05:56,25.4,16:04,04,"1,1","5,0",13:10,23,47,23:59,11,18:00,"0,0",
2023-04-07,3182Y,ARGANDA DEL REY,MADRID,533,15.2,,4.4,05:42,26.0,15:20,20,"2,2","7,5",15:30,29,53,05:50,17,Varias,"0,0",
2023-04-08,3182Y,ARGANDA DEL REY,MADRID,533,,0.0,,,,,,,,,,,,,,,
2023-04-09,3182Y,ARGANDA DEL REY,MADRID,533,17.0,,5.4,06:05,28.5,15:48,20,"2,2","8,9",14:40,35,65,05:00,18,15:30,"0,0",
2023-04-14,3182Y,ARGANDA DEL REY,MADRID,533,,0.0,,,,,,,,,,,,,,,
2023-04-15,3182Y,ARGANDA DEL REY,MADRID,533,16.4,0.0,7.9,05:45,24.9,14:35,01,"3,1","12,2",16:10,44,75,Varias,28,13:30,"0,0",
2023-04-16,3182Y,ARGANDA DEL REY,MADRID,533,16.6,0.0,7.5,04:37,25.8,16:07,04,"2,8","7,8",10:10,36,74,04:40,17,18:00,"0,0",
2023-04-17,3182Y,ARGANDA DEL REY,MADRID,533,15.7,0.0,4.9,06:00,26.5,14:51,3.0,"1,9","9,4",09:10,27.0,58.0,06:20,20.0,18:00,"0,0",
2023-04-18,3182Y,ARGANDA DEL REY,MADRID,533,17.1,0.0,9.3,05:19,24.9,14:53,14.0,"1,9","9,7",21:50,33.0,59.0,23:59,21.0,17:20,"0,0",
2023-04-19,3182Y,ARGANDA DEL REY,MADRID,533,17.4,0.0,8.5,05:22,26.2,15:37,12.0,"0,8","5,8",10:30,36.0,71.0,05:40,18.0,18:00,"0,0",
2023-04-20,3182Y,ARGANDA DEL REY,MADRID,533,18.3,0.0,8.2,04:15,28.4,15:50,23,"3,1","10,0",14:30,34,65,Varias,19,15:50,"0,0",
2023-04-21,3182Y,ARGANDA DEL REY,MADRID,533,17.6,4.2,8.2,05:25,26.9,14:38,18,"1,7","15,0",16:40,42,73,05:40,26,Varias,"0,0",
2023-04-22,3182Y,ARGANDA DEL REY,MADRID,533,,,,,,,,,,,,,,,,"6,0",07:35
2023-05-03,3182Y,ARGANDA DEL REY,MADRID,533,,0.0,,,,,,,,,,,,,,,
2023-05-04,3182Y,ARGANDA DEL REY,MADRID,533,20.4,0.0,14.2,23:59,26.7,15:35,22,"5,6","12,2",13:40,35,69,05:40,18,14:50,"0,0",
2023-05-05,3182Y,ARGANDA DEL REY,MADRID,533,19.0,0.0,9.6,05:17,28.3,16:26,22,"1,9","9,4",13:30,35,67,05:20,23,14:40,"0,0",
2023-05-06,3182Y,ARGANDA DEL REY,MADRID,533,19.2,0.0,9.0,05:00,29.4,14:23,21.0,"3,3","11,7",13:40,29.0,64.0,05:10,18.0,17:30,"0,0",
2023-05-07,3182Y,ARGANDA DEL REY,MADRID,533,20.9,0.0,11.8,04:40,30.0,16:50,27.0,"2,5","11,1",15:50,37.0,68.0,05:30,25.0,16:30,"0,0",
2023-05-08,3182Y,ARGANDA DEL REY,MADRID,533,21.6,0.0,12.0,04:47,31.1,15:51,99.0,"2,2","6,7",18:50,36.0,68.0,05:10,25.0,16:00,"0,0",
2023-05-09,3182Y,ARGANDA DEL REY,MADRID,533,22.2,0.0,14.0,04:37,30.4,14:18,25.0,"3,3","10,3",13:40,38.0,62.0,04:30,29.0,16:20,"0,0",
2023-05-10,3182Y,ARGANDA DEL REY,MADRID,533,19.6,0.0,12.3,05:29,26.8,17:35,2.0,"1,9","8,6",20:30,35.0,69.0,05:40,19.0,18:00,"0,0",
2023-05-11,3182Y,ARGANDA DEL REY,MADRID,533,17.9,0.0,10.4,04:54,25.4,15:12,1.0,"3,6","10,0",18:50,35.0,60.0,Varias,20.0,15:30,"0,0",
2023-05-12,3182Y,ARGANDA DEL REY,MADRID,533,15.3,0.0,8.6,05:07,22.0,14:24,35.0,"3,9","18,1",14:50,39.0,65.0,05:20,24.0,13:30,"0,0",
2023-05-13,3182Y,ARGANDA DEL REY,MADRID,533,14.4,0.0,5.9,04:50,23.0,16:03,31.0,"2,2","11,4",17:20,41.0,73.0,05:20,27.0,15:20,"0,0",
2023-05-14,3182Y,ARGANDA DEL REY,MADRID,533,14.2,0.0,6.4,05:09,22.1,14:09,2.0,"2,5","11,7",15:20,43.0,70.0,05:20,35.0,13:00,"0,0",
2023-05-15,3182Y,ARGANDA DEL REY,MADRID,533,14.8,0.0,6.6,05:21,23.0,13:16,33.0,"3,9","11,7",16:50,42.0,74.0,05:30,25.0,12:40,"0,0",
2023-05-16,3182Y,ARGANDA DEL REY,MADRID,533,15.2,0.0,5.4,04:54,25.1,16:21,4.0,"2,5","9,4",22:50,33.0,76.0,05:20,21.0,18:00,"0,0",
2023-05-17,3182Y,ARGANDA DEL REY,MADRID,533,16.8,0.0,8.4,04:25,25.3,14:44,99.0,"5,0","13,3",Varias,28.0,55.0,04:30,15.0,14:10,"0,0",
2023-05-18,3182Y,ARGANDA DEL REY,MADRID,533,17.2,0.0,9.9,04:42,24.4,15:03,36.0,"3,9","11,9",00:40,31.0,58.0,Varias,19.0,15:10,"0,0",
2023-05-19,3182Y,ARGANDA DEL REY,MADRID,533,15.8,0.0,9.2,05:11,22.3,15:49,2.0,"3,6","11,4",08:10,34.0,54.0,05:20,23.0,15:50,"0,0",
2023-05-20,3182Y,ARGANDA DEL REY,MADRID,533,15.2,0.0,7.0,05:17,23.4,15:45,36.0,"2,2","10,6",23:59,36.0,56.0,05:20,27.0,15:30,"0,0",
2023-05-21,3182Y,ARGANDA DEL REY,MADRID,533,17.8,0.0,11.4,05:05,24.1,15:07,17.0,"3,1","10,8",12:40,47.0,61.0,22:40,30.0,14:40,"0,0",
2023-05-22,3182Y,ARGANDA DEL REY,MADRID,533,19.5,0.2,14.6,04:59,24.4,12:51,8.0,"3,6","13,1",14:50,41.0,61.0,23:59,30.0,13:20,"0,0",
2023-05-23,3182Y,ARGANDA DEL REY,MADRID,533,20.3,9.2,14.4,Varias,26.2,13:52,99.0,"2,8","11,9",Varias,61.0,90.0,21:00,33.0,13:50,"6,0",19:55
2023-05-24,3182Y,ARGANDA DEL REY,MADRID,533,18.6,0.0,13.3,05:18,24.0,13:30,12.0,"1,4","7,5",18:50,63.0,88.0,Varias,45.0,13:40,"0,0",
2023-05-25,3182Y,ARGANDA DEL REY,MADRID,533,19.6,12.6,13.3,Varias,25.9,13:39,35.0,"1,4","10,6",16:30,63.0,88.0,05:50,39.0,12:50,"18,0",16:35
2023-05-26,3182Y,ARGANDA DEL REY,MADRID,533,17.4,0.4,13.2,03:48,21.7,16:17,13.0,"2,8","9,4",09:50,75.0,91.0,05:30,60.0,15:40,"6,0",03:35
2023-05-27,3182Y,ARGANDA DEL REY,MADRID,533,17.6,7.6,12.7,04:50,22.4,12:16,14.0,"1,4","14,2",21:00,66.0,91.0,23:50,56.0,12:40,"14,4",21:05
2023-05-28,3182Y,ARGANDA DEL REY,MADRID,533,17.2,1.6,12.6,23:40,21.8,14:25,25.0,"1,7","6,9",17:40,81.0,92.0,Varias,60.0,14:50,"2,4",Varias
2023-05-29,3182Y,ARGANDA DEL REY,MADRID,533,17.8,17.0,12.3,00:27,23.4,12:42,8.0,"1,4","15,3",16:00,78.0,93.0,Varias,50.0,13:50,"63,6",16:05
2023-05-30,3182Y,ARGANDA DEL REY,MADRID,533,17.6,0.0,12.5,01:42,22.6,14:39,18.0,"2,8","10,0",13:40,77.0,96.0,06:10,54.0,14:40,"0,0",
2023-05-31,3182Y,ARGANDA DEL REY,MADRID,533,18.6,0.0,11.6,04:52,25.5,15:34,23.0,"2,2","8,6",15:20,62.0,93.0,Varias,43.0,Varias,"0,0",
2023-06-01,3182Y,ARGANDA DEL REY,MADRID,533,19.5,10.0,13.4,04:32,25.6,14:02,20.0,"2,8","12,8",14:30,70.0,88.0,05:40,41.0,14:00,"25,2",14:45
2023-06-02,3182Y,ARGANDA DEL REY,MADRID,533,19.2,0.0,13.6,05:17,24.9,16:55,10.0,"3,3","12,2",18:00,64.0,88.0,Varias,47.0,14:10,"0,0",
2023-06-03,3182Y,ARGANDA DEL REY,MADRID,533,19.9,0.2,12.6,04:37,27.2,16:39,7.0,"3,3","13,6",18:00,61.0,91.0,05:10,37.0,16:50,"1,2",20:45
2023-06-04,3182Y,ARGANDA DEL REY,MADRID,533,20.6,2.8,13.8,05:06,27.4,15:21,22.0,"1,1","7,5",16:20,56.0,88.0,Varias,40.0,Varias,"9,6",18:05
2023-06-05,3182Y,ARGANDA DEL REY,MADRID,533,22.0,8.8,15.3,05:01,28.8,14:38,20.0,"2,2","12,2",15:50,66.0,89.0,05:40,36.0,13:30,"15,6",16:25
2023-06-06,3182Y,ARGANDA DEL REY,MADRID,533,22.3,0.6,13.8,04:26,30.8,17:03,12.0,"1,7","10,3",Varias,53.0,91.0,05:40,36.0,17:50,"0,0",
2023-06-07,3182Y,ARGANDA DEL REY,MADRID,533,19.3,5.0,17.1,06:15,21.5,00:01,12.0,"2,5","12,2",00:30,81.0,89.0,09:30,59.0,02:10,"1,2",Varias
2023-06-08,3182Y,ARGANDA DEL REY,MADRID,533,19.2,2.4,16.5,23:47,22.0,16:39,18.0,"2,5","7,5",17:20,83.0,91.0,Varias,70.0,16:50,"6,0",17:15
2023-06-09,3182Y,ARGANDA DEL REY,MADRID,533,20.2,0.0,14.7,05:14,25.8,16:03,24.0,"4,4","9,7",11:30,59.0,94.0,05:50,46.0,16:10,"0,0",
2023-06-10,3182Y,ARGANDA DEL REY,MADRID,533,22.7,0.0,16.6,05:08,28.8,17:04,20.0,"2,2","7,5",12:50,58.0,89.0,05:30,39.0,16:30,"0,0",
2023-06-11,3182Y,ARGANDA DEL REY,MADRID,533,22.8,0.0,16.5,04:39,29.0,15:31,26.0,"3,9","10,8",16:40,47.0,85.0,05:50,33.0,16:50,"0,0",
2023-06-12,3182Y,ARGANDA DEL REY,MADRID,533,22.5,3.8,15.6,04:40,29.4,17:05,24.0,"3,3","9,7",17:40,48.0,83.0,Varias,37.0,13:30,"8,4",23:15
2023-06-13,3182Y,ARGANDA DEL REY,MADRID,533,21.4,1.0,15.7,04:58,27.2,14:42,22.0,"1,9","10,0",10:20,57.0,92.0,06:00,34.0,14:50,"4,8",15:25
2023-06-14,3182Y,ARGANDA DEL REY,MADRID,533,21.8,0.0,14.4,04:55,29.2,17:06,7.0,"1,7","7,2",11:20,48.0,85.0,05:30,37.0,17:10,"0,0",
2023-06-15,3182Y,ARGANDA DEL REY,MADRID,533,25.2,0.0,17.2,05:16,33.3,17:08,26.0,"2,2","5,6",13:00,41.0,71.0,05:00,28.0,Varias,"0,0",
2023-06-16,3182Y,ARGANDA DEL REY,MADRID,533,26.2,0.0,17.5,04:53,34.9,17:04,22.0,"1,7","6,7",13:10,37.0,69.0,04:50,25.0,17:20,"0,0",
2023-06-17,3182Y,ARGANDA DEL REY,MADRID,533,26.4,0.0,17.4,05:03,35.4,15:08,18.0,"3,9","11,7",13:40,38.0,77.0,05:30,26.0,16:10,"0,0",
2023-06-18,3182Y,ARGANDA DEL REY,MADRID,533,25.9,2.6,18.5,04:36,33.3,14:52,23.0,"2,5","8,9",15:20,44.0,79.0,05:20,31.0,15:20,"1,2",17:10
2023-06-19,3182Y,ARGANDA DEL REY,MADRID,533,25.2,6.2,19.3,04:46,31.1,14:14,16.0,"1,9","14,7",17:50,59.0,89.0,04:30,37.0,14:00,"19,2",17:45
2023-06-20,3182Y,ARGANDA DEL REY,MADRID,533,23.6,0.0,18.6,03:49,28.5,13:26,24.0,"3,9","9,4",10:10,53.0,88.0,01:30,39.0,17:20,"0,0",
2023-06-21,3182Y,ARGANDA DEL REY,MADRID,533,22.8,6.0,16.4,05:24,29.1,15:47,13.0,"3,1","13,9",17:30,65.0,90.0,Varias,39.0,Varias,"4,8",17:25
2023-06-22,3182Y,ARGANDA DEL REY,MADRID,533,22.6,0.0,14.5,05:08,30.8,17:10,21.0,"1,1","5,8",10:00,56.0,93.0,05:40,33.0,17:10,"0,0",
2023-06-23,3182Y,ARGANDA DEL REY,MADRID,533,26.4,0.0,17.9,05:18,34.9,17:13,25.0,"2,2","7,2",13:00,44.0,82.0,05:40,31.0,17:10,"0,0",
2023-06-24,3182Y,ARGANDA DEL REY,MADRID,533,28.0,0.0,19.0,04:52,37.0,17:13,28.0,"1,7","6,7",11:50,37.0,74.0,04:40,25.0,18:30,"0,0",
2023-06-25,3182Y,ARGANDA DEL REY,MADRID,533,29.0,0.0,19.4,03:36,38.6,15:59,2.0,"1,9","11,7",19:20,36.0,73.0,03:10,23.0,15:30,"0,0",
2023-06-26,3182Y,ARGANDA DEL REY,MADRID,533,30.3,0.0,21.5,04:53,39.1,17:07,12.0,"2,8","9,4",21:10,30.0,58.0,04:40,15.0,18:10,"0,0",
2023-06-27,3182Y,ARGANDA DEL REY,MADRID,533,29.4,0.0,21.3,04:30,37.4,15:21,19.0,"2,2","8,1",14:10,34.0,65.0,05:40,17.0,15:20,"0,0",
2023-06-28,3182Y,ARGANDA DEL REY,MADRID,533,29.2,0.0,21.7,05:02,36.7,15:22,20.0,"2,2","7,8",17:30,37.0,68.0,05:30,24.0,13:40,"0,0",
2023-06-29,3182Y,ARGANDA DEL REY,MADRID,533,28.6,0.0,19.9,04:46,37.4,14:26,25.0,"3,6","12,8",15:40,36.0,71.0,04:50,19.0,15:00,"0,0",
2023-06-30,3182Y,ARGANDA DEL REY,MADRID,533,25.2,0.0,17.2,05:20,33.2,17:10,36.0,"4,2","11,1",20:00,38.0,66.0,05:20,24.0,17:10,"0,0",
2023-07-01,3182Y,ARGANDA DEL REY,MADRID,533,26.4,0.0,17.0,04:43,35.7,17:11,31.0,"1,7","9,2",14:40,35.0,59.0,04:50,27.0,Varias,"0,0",
2023-07-02,3182Y,ARGANDA DEL REY,MADRID,533,28.6,0.0,20.9,05:17,36.3,16:43,2.0,"2,8","7,2",18:10,38.0,61.0,05:20,26.0,16:40,"0,0",
2023-07-03,3182Y,ARGANDA DEL REY,MADRID,533,29.2,0.0,21.1,05:10,37.3,17:12,26.0,"5,6","13,6",13:30,34.0,65.0,05:10,18.0,16:50,"0,0",
2023-07-04,3182Y,ARGANDA DEL REY,MADRID,533,28.9,0.0,20.1,Varias,37.7,17:11,29.0,"3,1","11,1",15:00,36.0,76.0,05:30,17.0,15:20,"0,0",
2023-07-05,3182Y,ARGANDA DEL REY,MADRID,533,25.3,0.0,15.4,05:02,35.2,14:21,20.0,"1,9","7,8",14:30,26.0,57.0,04:50,16.0,13:00,"0,0",
2023-07-06,3182Y,ARGANDA DEL REY,MADRID,533,28.0,0.0,20.4,23:43,35.6,17:06,24.0,"3,6","10,3",15:00,36.0,73.0,04:40,19.0,Varias,"0,0",
2023-07-07,3182Y,ARGANDA DEL REY,MADRID,533,28.6,0.0,21.0,23:42,36.3,17:07,22.0,"3,9","12,5",15:00,37.0,71.0,Varias,18.0,Varias,"0,0",
2023-07-08,3182Y,ARGANDA DEL REY,MADRID,533,26.4,0.0,17.7,05:24,35.1,17:09,26.0,"3,3","10,8",12:50,29.0,58.0,05:50,22.0,Varias,"0,0",
2023-07-09,3182Y,ARGANDA DEL REY,MADRID,533,26.2,0.0,15.7,05:04,36.8,17:05,24.0,"2,2","8,6",15:30,30.0,56.0,05:20,20.0,14:30,"0,0",
2023-07-10,3182Y,ARGANDA DEL REY,MADRID,533,29.6,0.0,18.8,03:41,40.5,17:04,22.0,"1,9","8,6",14:50,26.0,48.0,02:50,19.0,18:00,"0,0",
2023-07-11,3182Y,ARGANDA DEL REY,MADRID,533,30.3,0.0,20.5,05:10,40.1,13:52,23.0,"3,9","14,7",14:20,26.0,53.0,Varias,17.0,Varias,"0,0",
2023-07-12,3182Y,ARGANDA DEL REY,MADRID,533,26.4,0.0,17.0,Varias,35.7,17:08,24.0,"4,2","11,1",16:00,28.0,57.0,05:50,18.0,16:00,"0,0",
2023-07-13,3182Y,ARGANDA DEL REY,MADRID,533,27.6,0.0,18.0,05:18,37.2,17:03,24.0,"3,3","9,2",16:10,31.0,58.0,05:40,18.0,18:00,"0,0",
2023-07-14,3182Y,ARGANDA DEL REY,MADRID,533,28.2,0.0,18.3,05:25,38.0,17:08,22.0,"4,2","12,2",13:20,32.0,68.0,05:30,20.0,16:00,"0,0",
2023-07-15,3182Y,ARGANDA DEL REY,MADRID,533,26.8,0.0,20.3,05:21,33.4,17:04,24.0,"5,8","12,8",10:50,37.0,63.0,05:40,17.0,16:30,"0,0",
2023-07-16,3182Y,ARGANDA DEL REY,MADRID,533,26.5,0.0,16.6,05:02,36.4,17:11,22.0,"2,8","10,0",12:20,28.0,57.0,03:00,20.0,17:00,"0,0",
2023-07-17,3182Y,ARGANDA DEL REY,MADRID,533,29.6,0.0,17.8,03:43,41.5,17:10,24.0,"2,2","7,8",16:10,29.0,50.0,08:10,18.0,18:20,"0,0",
2023-07-18,3182Y,ARGANDA DEL REY,MADRID,533,31.8,0.0,22.9,05:22,40.6,14:57,20.0,"3,3","11,7",12:30,28.0,61.0,05:30,17.0,14:00,"0,0",
2023-07-19,3182Y,ARGANDA DEL REY,MADRID,533,31.0,0.0,22.9,05:34,39.1,17:03,23.0,"5,0","14,7",14:20,28.0,48.0,05:50,21.0,17:10,"0,0",
2023-07-20,3182Y,ARGANDA DEL REY,MADRID,533,28.0,0.0,19.1,05:31,36.8,14:21,24.0,"5,3","14,2",14:00,22.0,49.0,06:00,12.0,14:00,"0,0",
2023-07-21,3182Y,ARGANDA DEL REY,MADRID,533,26.0,0.0,18.3,04:03,33.6,17:00,24.0,"4,4","10,8",17:10,28.0,54.0,05:10,20.0,Varias,"0,0",
2023-07-22,3182Y,ARGANDA DEL REY,MADRID,533,26.4,0.0,16.8,05:26,35.9,16:55,24.0,"2,5","8,6",14:10,32.0,63.0,04:40,21.0,17:00,"0,0",
2023-07-23,3182Y,ARGANDA DEL REY,MADRID,533,27.0,0.0,16.3,03:26,37.6,Varias,25.0,"3,6","11,1",12:10,26.0,60.0,04:20,14.0,17:00,"0,0",
2023-07-24,3182Y,ARGANDA DEL REY,MADRID,533,24.8,0.0,16.0,05:39,33.7,15:41,24.0,"3,9","15,8",12:30,30.0,53.0,05:30,23.0,13:40,"0,0",
2023-07-25,3182Y,ARGANDA DEL REY,MADRID,533,24.2,0.0,14.6,04:51,33.8,16:56,27.0,"2,2","8,6",16:40,30.0,57.0,05:20,17.0,17:00,"0,0",
2023-07-26,3182Y,ARGANDA DEL REY,MADRID,533,26.6,0.0,17.0,05:19,36.2,16:59,14.0,"1,9","6,7",10:50,30.0,58.0,05:40,19.0,18:00,"0,0",
2023-07-27,3182Y,ARGANDA DEL REY,MADRID,533,28.5,0.0,21.5,24:00,35.5,15:15,22.0,"4,2","12,5",13:10,33.0,66.0,04:20,13.0,16:20,"0,0",
2023-07-28,3182Y,ARGANDA DEL REY,MADRID,533,26.1,0.0,16.4,05:41,35.8,16:55,24.0,"3,3","9,2",Varias,29.0,59.0,04:40,19.0,17:00,"0,0",
2023-07-29,3182Y,ARGANDA DEL REY,MADRID,533,27.1,0.0,17.1,04:26,37.1,15:51,26.0,"4,4","12,5",15:30,27.0,50.0,04:40,20.0,Varias,"0,0",
2023-07-30,3182Y,ARGANDA DEL REY,MADRID,533,28.4,0.0,18.4,05:00,38.3,16:17,24.0,"3,6","10,8",16:00,31.0,58.0,05:50,18.0,16:30,"0,0",
2023-07-31,3182Y,ARGANDA DEL REY,MADRID,533,30.0,0.0,21.4,05:22,38.5,16:53,24.0,"2,2","10,0",14:40,31.0,60.0,05:40,17.0,Varias,"0,0",
2023-08-01,3182Y,ARGANDA DEL REY,MADRID,533,28.4,0.0,17.9,05:35,38.9,16:56,23.0,"1,4","7,2",14:30,25.0,50.0,05:40,15.0,15:00,"0,0",
2023-08-02,3182Y,ARGANDA DEL REY,MADRID,533,27.8,0.0,17.7,04:48,38.0,16:53,26.0,"3,3","11,1",12:30,28.0,58.0,04:50,21.0,13:00,"0,0",
2023-08-03,3182Y,ARGANDA DEL REY,MADRID,533,27.4,0.0,20.3,05:16,34.6,15:48,25.0,"2,8","11,1",16:30,30.0,65.0,05:40,17.0,Varias,"0,0",
2023-08-04,3182Y,ARGANDA DEL REY,MADRID,533,23.9,0.0,16.0,04:29,31.8,16:35,2.0,"4,2","10,3",19:50,32.0,59.0,04:20,20.0,16:40,"0,0",
2023-08-05,3182Y,ARGANDA DEL REY,MADRID,533,24.9,0.0,14.1,05:25,35.7,16:56,24.0,"1,7","6,1",11:20,30.0,60.0,05:30,19.0,18:00,"0,0",
2023-08-06,3182Y,ARGANDA DEL REY,MADRID,533,29.0,0.0,19.9,05:27,38.0,16:51,36.0,"2,8","8,9",19:30,28.0,44.0,06:40,14.0,20:10,"0,0",
2023-08-07,3182Y,ARGANDA DEL REY,MADRID,533,28.6,0.0,18.7,05:15,38.6,16:53,23.0,"1,9","7,2",16:00,27.0,44.0,03:20,20.0,18:20,"0,0",
2023-08-08,3182Y,ARGANDA DEL REY,MADRID,533,30.4,0.0,20.9,05:45,39.9,15:55,21.0,"2,5","7,8",16:50,32.0,61.0,02:50,19.0,18:00,"0,0",
2023-08-09,3182Y,ARGANDA DEL REY,MADRID,533,30.2,0.0,20.2,04:26,40.2,14:32,24.0,"2,2","8,1",17:20,31.0,55.0,06:30,22.0,Varias,"0,0",
2023-08-10,3182Y,ARGANDA DEL REY,MADRID,533,30.8,0.0,21.7,05:45,39.9,16:30,24.0,"3,1","9,7",12:00,23.0,57.0,02:50,12.0,13:00,"0,0",
2023-08-11,3182Y,ARGANDA DEL REY,MADRID,533,29.2,0.0,18.1,05:07,40.4,16:52,24.0,"1,9","6,7",15:50,24.0,48.0,05:20,16.0,Varias,"0,0",
2023-08-12,3182Y,ARGANDA DEL REY,MADRID,533,29.0,0.0,18.6,05:29,39.3,15:38,25.0,"1,7","8,9",13:20,27.0,49.0,03:50,18.0,18:00,"0,0",
2023-08-13,3182Y,ARGANDA DEL REY,MADRID,533,29.8,0.0,20.4,03:13,39.1,16:18,27.0,"4,4","12,8",17:20,32.0,65.0,06:10,14.0,18:30,"0,0",
2023-08-14,3182Y,ARGANDA DEL REY,MADRID,533,27.6,0.0,18.1,05:08,37.1,16:01,22.0,"3,3","10,3",13:00,29.0,53.0,07:00,16.0,Varias,"0,0",
2023-08-15,3182Y,ARGANDA DEL REY,MADRID,533,26.6,0.0,15.9,05:46,37.4,15:29,22.0,"2,5","9,2",13:50,24.0,49.0,05:50,16.0,Varias,"0,0",
2023-08-16,3182Y,ARGANDA DEL REY,MADRID,533,26.1,0.0,15.3,05:23,36.9,16:15,24.0,"2,5","10,8",16:20,26.0,59.0,06:20,17.0,15:20,"0,0",
2023-08-17,3182Y,ARGANDA DEL REY,MADRID,533,26.8,0.0,16.3,05:39,37.2,16:44,15.0,"2,2","8,6",12:50,27.0,51.0,06:00,19.0,14:30,"0,0",
2023-08-18,3182Y,ARGANDA DEL REY,MADRID,533,26.3,0.0,17.0,05:40,35.6,14:33,22.0,"4,7","10,8",16:10,28.0,54.0,06:00,17.0,14:50,"0,0",
2023-08-19,3182Y,ARGANDA DEL REY,MADRID,533,27.4,0.0,16.9,05:26,37.8,15:49,24.0,"2,8","8,1",15:40,28.0,56.0,04:00,18.0,16:10,"0,0",
2023-08-20,3182Y,ARGANDA DEL REY,MADRID,533,29.2,0.0,17.9,05:12,40.5,16:50,24.0,"1,9","6,7",13:30,25.0,51.0,05:20,15.0,Varias,"0,0",
2023-08-21,3182Y,ARGANDA DEL REY,MADRID,533,32.7,0.0,23.6,05:34,41.8,15:32,12.0,"2,5","10,3",22:50,24.0,47.0,03:50,19.0,14:10,"0,0",
2023-08-22,3182Y,ARGANDA DEL REY,MADRID,533,32.8,0.0,23.9,05:34,41.7,15:46,14.0,"2,5","8,9",14:30,23.0,35.0,Varias,17.0,14:30,"0,0",
2023-08-23,3182Y,ARGANDA DEL REY,MADRID,533,31.8,0.0,22.8,04:59,40.9,15:20,12.0,"2,8","11,4",13:50,24.0,45.0,05:10,17.0,Varias,"0,0",
2023-08-24,3182Y,ARGANDA DEL REY,MADRID,533,30.5,0.0,20.5,05:50,40.5,15:04,16.0,"3,3","8,6",14:50,23.0,45.0,06:00,16.0,Varias,"0,0",
2023-08-25,3182Y,ARGANDA DEL REY,MADRID,533,28.8,0.0,18.1,05:49,39.5,14:51,24.0,"4,2","14,4",15:30,25.0,52.0,06:20,16.0,15:10,"0,0",
2023-08-26,3182Y,ARGANDA DEL REY,MADRID,533,27.8,0.0,21.8,23:55,33.7,15:17,22.0,"6,4","16,7",13:30,29.0,42.0,05:00,18.0,19:40,"0,0",
2023-08-27,3182Y,ARGANDA DEL REY,MADRID,533,21.8,0.0,16.9,06:09,26.6,16:06,1.0,"6,1","17,5",07:50,34.0,59.0,02:50,25.0,16:10,"0,0",
2023-08-28,3182Y,ARGANDA DEL REY,MADRID,533,20.7,0.0,11.2,05:46,30.2,17:12,31.0,"2,2","8,6",12:50,39.0,68.0,06:00,26.0,Varias,"0,0",
2023-08-29,3182Y,ARGANDA DEL REY,MADRID,533,22.7,0.0,15.1,05:03,30.3,14:25,1.0,"3,1","9,2",15:40,36.0,60.0,05:20,28.0,Varias,"0,0",
2023-08-30,3182Y,ARGANDA DEL REY,MADRID,533,22.6,0.0,14.5,05:43,30.7,15:03,34.0,"1,9","7,2",14:10,36.0,58.0,05:50,24.0,15:50,"0,0",
2023-08-31,3182Y,ARGANDA DEL REY,MADRID,533,23.8,0.0,13.8,04:39,33.8,16:37,20.0,"2,2","7,5",13:30,34.0,59.0,04:50,21.0,16:40,"0,0",
2023-09-01,3182Y,ARGANDA DEL REY,MADRID,533,23.9,0.0,14.3,06:01,33.5,14:49,24.0,"2,5","10,0",13:10,36.0,62.0,02:50,25.0,15:10,"0,0",
2023-09-02,3182Y,ARGANDA DEL REY,MADRID,533,18.9,38.8,16.3,20:25,21.5,08:01,2.0,"3,6","9,4",13:50,72.0,91.0,23:30,52.0,00:10,"26,4",18:35
2023-09-03,3182Y,ARGANDA DEL REY,MADRID,533,19.4,22.8,16.3,Varias,22.6,20:35,12.0,"0,8","13,6",21:00,88.0,92.0,Varias,72.0,20:40,"20,4",Varias
2023-09-04,3182Y,ARGANDA DEL REY,MADRID,533,20.8,1.4,17.1,05:50,24.4,16:10,25.0,"2,2","8,6",04:10,79.0,93.0,Varias,64.0,17:20,"9,6",05:05
2023-09-05,3182Y,ARGANDA DEL REY,MADRID,533,22.8,0.2,16.5,05:57,29.0,15:51,26.0,"1,4","6,1",13:40,68.0,93.0,06:30,48.0,15:40,"0,0",
2023-09-06,3182Y,ARGANDA DEL REY,MADRID,533,24.8,0.0,19.8,04:45,29.8,16:06,26.0,"1,7","6,7",14:30,64.0,87.0,01:20,44.0,16:20,"1,2",03:45
2023-09-07,3182Y,ARGANDA DEL REY,MADRID,533,25.4,0.0,20.1,06:03,30.6,14:54,10.0,"1,4","6,7",23:00,64.0,82.0,06:30,41.0,14:40,"0,0",
2023-09-08,3182Y,ARGANDA DEL REY,MADRID,533,25.8,0.6,20.0,05:46,31.5,16:34,22.0,"1,7","7,2",16:50,57.0,85.0,05:30,37.0,15:50,"0,0",
2023-09-09,3182Y,ARGANDA DEL REY,MADRID,533,24.2,4.2,20.0,23:59,28.5,14:32,21.0,"1,1","6,1",Varias,66.0,89.0,23:59,49.0,14:20,"6,0",19:25
2023-09-10,3182Y,ARGANDA DEL REY,MADRID,533,24.3,12.2,17.9,Varias,30.7,16:23,22.0,"1,4","6,9",14:40,71.0,93.0,06:50,40.0,17:10,"31,2",23:35
2023-09-11,3182Y,ARGANDA DEL REY,MADRID,533,22.0,0.4,17.5,24:00,26.4,16:40,24.0,"2,2","8,3",12:40,66.0,93.0,08:10,48.0,15:30,"10,8",01:35
2023-09-12,3182Y,ARGANDA DEL REY,MADRID,533,22.4,0.2,17.2,01:07,27.6,15:17,27.0,"1,4","6,1",14:00,65.0,90.0,04:30,40.0,15:40,"1,2",Varias
2023-09-13,3182Y,ARGANDA DEL REY,MADRID,533,23.0,0.0,16.3,05:55,29.7,15:34,2.0,"1,4","5,8",01:30,50.0,79.0,06:00,32.0,15:40,"0,0",
2023-09-14,3182Y,ARGANDA DEL REY,MADRID,533,23.6,13.2,17.8,05:56,29.3,15:36,10.0,"1,7","10,8",23:40,61.0,81.0,02:00,46.0,15:30,"0,0",
2023-09-15,3182Y,ARGANDA DEL REY,MADRID,533,21.5,2.8,16.0,05:10,27.0,16:26,1.0,"2,2","12,2",04:20,73.0,92.0,05:40,51.0,15:00,"22,8",01:45
2023-09-16,3182Y,ARGANDA DEL REY,MADRID,533,19.7,3.4,16.1,05:37,23.3,14:56,13.0,"0,6","6,4",15:50,75.0,92.0,Varias,58.0,16:00,"1,2",23:35
2023-09-17,3182Y,ARGANDA DEL REY,MADRID,533,16.8,10.8,14.5,24:00,19.2,17:30,21.0,"2,8","8,6",12:30,86.0,92.0,Varias,75.0,17:40,"12,0",09:45
2023-09-18,3182Y,ARGANDA DEL REY,MADRID,533,17.6,0.0,13.5,02:50,21.8,12:46,21.0,"1,7","6,1",12:30,76.0,93.0,Varias,60.0,17:00,"0,0",
2023-09-19,3182Y,ARGANDA DEL REY,MADRID,533,18.8,0.0,12.0,03:46,25.6,15:52,25.0,"0,8","4,7",14:30,64.0,95.0,06:40,42.0,16:30,"0,0",
2023-09-20,3182Y,ARGANDA DEL REY,MADRID,533,18.6,0.0,12.1,06:09,25.2,14:28,26.0,"3,9","10,8",13:50,62.0,92.0,06:40,43.0,15:00,"0,0",
2023-09-21,3182Y,ARGANDA DEL REY,MADRID,533,17.1,0.0,14.3,02:36,19.9,16:32,21.0,"5,0","10,3",15:00,78.0,86.0,12:30,59.0,22:40,"0,0",
2023-09-22,3182Y,ARGANDA DEL REY,MADRID,533,16.6,0.0,10.1,06:11,23.0,15:31,26.0,"1,7","8,3",16:10,56.0,84.0,06:40,36.0,16:00,"0,0",
2023-09-23,3182Y,ARGANDA DEL REY,MADRID,533,16.8,0.0,8.7,06:08,24.8,16:07,99.0,"1,1","4,7",Varias,56.0,87.0,Varias,37.0,15:50,"0,0",
2023-09-24,3182Y,ARGANDA DEL REY,MADRID,533,18.8,0.0,9.4,06:10,28.3,16:50,6.0,"1,1","4,2",13:20,55.0,89.0,06:30,35.0,17:00,"0,0",
2023-09-25,3182Y,ARGANDA DEL REY,MADRID,533,20.6,0.0,11.1,05:51,30.1,16:35,23.0,"0,8","5,0",15:10,51.0,82.0,05:20,31.0,14:00,"0,0",
2023-09-26,3182Y,ARGANDA DEL REY,MADRID,533,21.2,0.0,12.2,06:07,30.1,15:38,10.0,"0,8","5,3",00:40,53.0,84.0,06:30,32.0,15:50,"0,0",
2023-09-27,3182Y,ARGANDA DEL REY,MADRID,533,21.0,0.0,12.1,06:08,29.9,15:06,25.0,"1,1","5,0",11:00,58.0,89.0,06:30,36.0,16:00,"0,0",
2023-09-28,3182Y,ARGANDA DEL REY,MADRID,533,21.5,0.0,12.7,05:40,30.3,14:50,24.0,"1,4","7,5",14:40,55.0,88.0,05:50,32.0,16:10,"0,0",
2023-09-29,3182Y,ARGANDA DEL REY,MADRID,533,23.6,0.0,13.9,05:39,33.2,16:32,36.0,"0,6","3,6",13:10,52.0,85.0,Varias,30.0,14:50,"0,0",
2023-09-30,3182Y,ARGANDA DEL REY,MADRID,533,23.9,0.0,14.4,04:15,33.4,15:52,8.0,"1,1","3,6",08:30,53.0,82.0,04:10,33.0,16:30,"0,0",
2023-10-01,3182Y,ARGANDA DEL REY,MADRID,533,24.0,0.0,13.4,04:45,34.7,15:28,30.0,"0,6","4,2",15:00,50.0,87.0,04:00,25.0,14:40,"0,0",
2023-10-02,3182Y,ARGANDA DEL REY,MADRID,533,22.8,0.0,12.8,03:53,32.8,15:34,99.0,"1,4","3,9",Varias,50.0,82.0,04:40,24.0,15:50,"0,0",
2023-10-03,3182Y,ARGANDA DEL REY,MADRID,533,22.2,0.0,12.2,06:09,32.3,15:19,2.0,"0,6","3,9",23:30,52.0,84.0,06:30,28.0,14:10,"0,0",
2023-10-04,3182Y,ARGANDA DEL REY,MADRID,533,22.0,0.0,13.5,05:18,30.6,Varias,24.0,"0,8","5,3",12:20,58.0,86.0,05:40,38.0,15:50,"0,0",
2023-10-05,3182Y,ARGANDA DEL REY,MADRID,533,23.7,0.0,14.2,06:15,33.2,16:04,26.0,"0,8","4,2",13:50,52.0,86.0,05:10,27.0,15:00,"0,0",
2023-10-06,3182Y,ARGANDA DEL REY,MADRID,533,23.4,0.0,12.9,05:29,33.9,14:44,10.0,"1,4","5,0",15:00,45.0,81.0,04:00,22.0,15:30,"0,0",
2023-10-07,3182Y,ARGANDA DEL REY,MADRID,533,23.2,0.0,13.2,06:35,33.3,15:36,26.0,"0,8","3,6",14:40,45.0,72.0,06:50,26.0,Varias,"0,0",
2023-10-08,3182Y,ARGANDA DEL REY,MADRID,533,22.4,0.0,12.6,06:08,32.2,14:38,27.0,"1,7","3,9",12:30,47.0,74.0,04:30,25.0,14:40,"0,0",
2023-10-09,3182Y,ARGANDA DEL REY,MADRID,533,22.3,0.0,13.3,03:13,31.3,15:58,7.0,"0,8","3,1",07:30,46.0,72.0,03:00,26.0,15:50,"0,0",
2023-10-10,3182Y,ARGANDA DEL REY,MADRID,533,21.0,0.0,11.9,02:58,30.1,16:40,5.0,"0,6","4,7",13:40,47.0,76.0,02:50,27.0,16:30,"0,0",
2023-10-11,3182Y,ARGANDA DEL REY,MADRID,533,20.2,0.0,10.9,02:28,29.6,14:34,23.0,"0,8","4,4",15:00,48.0,78.0,02:30,27.0,Varias,"0,0",
2023-10-12,3182Y,ARGANDA DEL REY,MADRID,533,19.8,0.0,9.4,06:15,30.2,15:57,25.0,"1,1","4,2",12:40,47.0,78.0,06:30,25.0,14:40,"0,0",
2023-10-13,3182Y,ARGANDA DEL REY,MADRID,533,19.9,4.2,11.3,06:10,28.5,15:20,31.0,"1,7","7,5",19:30,48.0,74.0,06:30,30.0,15:10,"0,0",
2023-10-14,3182Y,ARGANDA DEL REY,MADRID,533,19.2,0.0,14.6,23:55,23.8,15:11,22.0,"0,6","4,7",02:20,73.0,90.0,Varias,52.0,15:10,"4,8",01:55
2023-10-15,3182Y,ARGANDA DEL REY,MADRID,533,17.4,2.4,11.8,06:31,23.0,12:43,25.0,"0,6","4,7",13:30,71.0,93.0,07:10,52.0,15:30,"2,4",21:15
2023-10-16,3182Y,ARGANDA DEL REY,MADRID,533,18.9,0.2,15.8,06:19,22.0,14:27,22.0,"2,2","6,4",11:30,76.0,93.0,Varias,59.0,14:30,"1,2",01:45
2023-10-17,3182Y,ARGANDA DEL REY,MADRID,533,21.3,0.2,16.0,04:08,26.6,12:46,20.0,"5,0","13,9",15:20,63.0,90.0,04:00,45.0,14:50,"1,2",00:55
2023-10-18,3182Y,ARGANDA DEL REY,MADRID,533,19.4,3.2,15.8,23:22,23.0,12:55,24.0,"5,6","15,8",13:00,75.0,92.0,Varias,55.0,13:00,"1,2",Varias
2023-10-19,3182Y,ARGANDA DEL REY,MADRID,533,14.6,78.6,11.0,23:57,18.3,14:02,20.0,"3,9","16,4",14:30,93.0,95.0,Varias,83.0,00:00,"34,8",15:15
2023-10-20,3182Y,ARGANDA DEL REY,MADRID,533,14.0,0.0,10.4,23:03,17.5,14:54,24.0,"7,5","13,9",09:20,76.0,93.0,00:50,47.0,16:00,"1,2",00:35
2023-10-21,3182Y,ARGANDA DEL REY,MADRID,533,11.8,0.0,6.6,06:43,16.9,13:37,24.0,"1,4","8,3",14:00,74.0,94.0,07:10,55.0,14:00,"0,0",
2023-10-22,3182Y,ARGANDA DEL REY,MADRID,533,13.4,36.6,9.4,Varias,17.4,12:47,14.0,"2,5","14,7",22:40,75.0,96.0,22:10,56.0,10:30,"15,6",21:05
2023-10-23,3182Y,ARGANDA DEL REY,MADRID,533,14.3,3.2,11.5,23:59,17.1,13:13,25.0,"2,5","11,1",00:50,84.0,94.0,20:00,68.0,13:20,"4,8",15:25
2023-10-24,3182Y,ARGANDA DEL REY,MADRID,533,12.0,1.0,9.4,06:46,14.5,15:05,23.0,"4,7","13,3",13:00,80.0,93.0,Varias,68.0,13:10,"1,2",Varias
2023-10-25,3182Y,ARGANDA DEL REY,MADRID,533,15.3,0.0,12.1,00:53,18.5,13:40,24.0,"4,7","10,0",13:00,85.0,96.0,06:20,76.0,13:40,"0,0",
2023-10-26,3182Y,ARGANDA DEL REY,MADRID,533,15.5,5.2,11.5,23:51,19.5,11:08,25.0,"4,4","18,9",14:40,85.0,95.0,Varias,74.0,10:30,"6,0",13:25
2023-10-27,3182Y,ARGANDA DEL REY,MADRID,533,13.2,0.0,9.7,06:11,16.6,14:10,24.0,"4,7","13,3",13:00,82.0,96.0,00:10,73.0,14:30,"0,0",
2023-10-28,3182Y,ARGANDA DEL REY,MADRID,533,14.6,0.0,11.2,04:43,18.0,14:25,25.0,"4,2","11,7",12:10,78.0,93.0,06:50,67.0,14:30,"0,0",
2023-10-29,3182Y,ARGANDA DEL REY,MADRID,533,15.7,2.8,13.0,07:01,18.4,14:10,24.0,"4,2","11,4",12:40,73.0,88.0,23:40,63.0,13:20,"1,2",Varias
2023-10-30,3182Y,ARGANDA DEL REY,MADRID,533,12.4,0.0,8.6,23:34,16.2,14:01,26.0,"3,9","11,1",13:00,77.0,92.0,06:50,65.0,14:10,"1,2",Varias
2023-10-31,3182Y,ARGANDA DEL REY,MADRID,533,10.0,0.0,5.8,05:47,14.2,14:14,12.0,"0,6","3,3",09:30,85.0,96.0,07:40,74.0,Varias,"0,0",
2023-11-01,3182Y,ARGANDA DEL REY,MADRID,533,11.6,1.2,7.0,01:53,16.2,12:48,25.0,"4,7","13,6",13:10,88.0,96.0,Varias,79.0,12:50,"1,2",16:30
2023-11-02,3182Y,ARGANDA DEL REY,MADRID,533,12.2,17.2,7.6,Varias,16.7,13:49,25.0,"10,0","21,4",12:00,71.0,95.0,10:00,59.0,17:40,"26,4",08:45
2023-11-03,3182Y,ARGANDA DEL REY,MADRID,533,10.8,0.6,7.5,00:10,14.0,14:13,25.0,"6,9","14,7",13:40,82.0,87.0,07:40,72.0,14:40,"0,0",
2023-11-04,3182Y,ARGANDA DEL REY,MADRID,533,12.9,1.2,10.2,23:52,15.6,12:13,26.0,"7,8","17,8",17:30,85.0,96.0,06:00,77.0,17:30,"2,4",15:55
2023-11-05,3182Y,ARGANDA DEL REY,MADRID,533,11.9,0.0,8.7,06:38,15.1,14:01,25.0,"4,2","12,5",01:10,76.0,90.0,07:30,63.0,15:20,"0,0",
2023-11-06,3182Y,ARGANDA DEL REY,MADRID,533,9.2,0.0,3.6,23:53,14.9,13:36,25.0,"1,9","8,1",14:10,74.0,95.0,07:30,48.0,13:20,"0,0",
2023-11-07,3182Y,ARGANDA DEL REY,MADRID,533,6.7,0.0,1.3,06:39,12.1,13:05,22.0,"1,7","7,8",11:50,83.0,97.0,08:00,65.0,13:50,"0,0",
2023-11-08,3182Y,ARGANDA DEL REY,MADRID,533,8.8,0.2,3.8,03:08,13.8,13:57,22.0,"2,2","6,7",12:50,83.0,96.0,Varias,67.0,14:40,"1,2",23:55
2023-11-09,3182Y,ARGANDA DEL REY,MADRID,533,13.1,0.0,9.3,23:57,16.9,Varias,28.0,"3,9","8,9",08:50,75.0,93.0,07:50,51.0,14:20,"0,0",
2023-11-10,3182Y,ARGANDA DEL REY,MADRID,533,11.6,1.4,7.1,06:47,16.2,14:47,26.0,"3,6","9,2",12:20,75.0,92.0,22:40,60.0,14:30,"2,4",22:35
2023-11-11,3182Y,ARGANDA DEL REY,MADRID,533,15.3,0.0,12.6,00:01,18.0,11:25,26.0,"6,7","13,3",04:20,87.0,93.0,05:30,80.0,14:50,"0,0",
2023-11-12,3182Y,ARGANDA DEL REY,MADRID,533,16.2,0.0,12.5,03:52,20.0,14:06,24.0,"3,3","9,2",04:50,80.0,93.0,Varias,65.0,14:10,"0,0",
2023-11-13,3182Y,ARGANDA DEL REY,MADRID,533,14.6,0.0,9.3,23:56,19.9,14:23,23.0,"2,2","6,9",11:20,79.0,92.0,Varias,64.0,15:30,"0,0",
2023-11-14,3182Y,ARGANDA DEL REY,MADRID,533,13.1,0.0,7.9,02:55,18.3,16:06,20.0,"1,1","4,2",10:30,89.0,97.0,09:00,73.0,16:10,"0,0",
2023-11-15,3182Y,ARGANDA DEL REY,MADRID,533,11.4,0.0,7.1,03:11,15.6,14:43,34.0,"0,6","3,6",10:40,90.0,97.0,Varias,80.0,14:50,"0,0",
2023-11-16,3182Y,ARGANDA DEL REY,MADRID,533,12.0,0.2,9.8,19:44,14.2,15:07,99.0,"0,6","2,8",Varias,95.0,98.0,Varias,89.0,16:20,"1,2",07:55
2023-11-17,3182Y,ARGANDA DEL REY,MADRID,533,12.8,0.2,8.0,22:55,17.7,15:38,8.0,"0,8","2,8",07:30,90.0,97.0,Varias,71.0,15:50,"0,0",
2023-11-18,3182Y,ARGANDA DEL REY,MADRID,533,13.8,0.0,6.6,07:17,21.0,15:19,26.0,"0,6","2,8",Varias,81.0,99.0,08:10,55.0,15:50,"1,2",06:55
2023-11-19,3182Y,ARGANDA DEL REY,MADRID,533,12.2,0.0,4.1,07:11,20.2,15:31,25.0,"0,3","3,6",14:40,77.0,97.0,07:40,57.0,14:20,"0,0",
2023-11-20,3182Y,ARGANDA DEL REY,MADRID,533,11.0,0.0,2.7,06:19,19.4,14:41,22.0,"0,3","3,9",15:40,82.0,97.0,08:00,63.0,14:50,"0,0",
2023-11-21,3182Y,ARGANDA DEL REY,MADRID,533,9.1,0.0,4.0,04:22,14.2,12:03,34.0,"2,8","11,4",13:30,69.0,96.0,05:00,50.0,13:50,"0,0",
2023-11-22,3182Y,ARGANDA DEL REY,MADRID,533,9.0,0.0,2.9,05:24,15.0,14:12,32.0,"3,9","13,9",16:20,64.0,88.0,05:40,50.0,14:40,"0,0",
2023-11-23,3182Y,ARGANDA DEL REY,MADRID,533,8.5,0.0,0.0,06:48,17.0,15:24,6.0,"0,8","5,8",00:10,60.0,89.0,07:20,29.0,15:10,"0,0",
2023-11-24,3182Y,ARGANDA DEL REY,MADRID,533,8.2,0.0,-0.9,04:59,17.2,15:12,20.0,"0,6","3,1",13:10,68.0,91.0,08:10,45.0,14:30,"0,0",
2023-11-25,3182Y,ARGANDA DEL REY,MADRID,533,8.3,0.0,-1.2,Varias,17.8,16:12,30.0,"0,3","2,8",14:50,70.0,95.0,08:20,44.0,14:30,"0,0",
2023-11-26,3182Y,ARGANDA DEL REY,MADRID,533,8.3,0.0,0.9,04:51,15.7,14:55,20.0,"0,6","3,1",13:10,73.0,95.0,08:00,53.0,15:00,"0,0",
2023-11-27,3182Y,ARGANDA DEL REY,MADRID,533,7.2,0.0,1.7,06:30,12.6,15:18,22.0,"1,9","6,4",17:40,90.0,96.0,09:10,74.0,15:30,"0,0",
2023-11-28,3182Y,ARGANDA DEL REY,MADRID,533,9.8,0.0,7.6,01:03,12.1,14:41,22.0,"2,2","7,2",14:20,89.0,96.0,Varias,85.0,14:20,"0,0",
2023-11-29,3182Y,ARGANDA DEL REY,MADRID,533,13.2,0.0,11.0,21:05,15.5,15:39,23.0,"3,1","9,7",01:20,91.0,96.0,08:10,77.0,10:40,"0,0",
2023-11-30,3182Y,ARGANDA DEL REY,MADRID,533,14.0,42.8,11.1,07:45,16.8,12:08,23.0,"4,4","14,2",15:30,89.0,96.0,Varias,71.0,12:10,"21,6",Varias
2023-12-01,3182Y,ARGANDA DEL REY,MADRID,533,10.5,0.0,6.5,Varias,14.5,02:09,19.0,"2,2","14,2",02:10,72.0,96.0,Varias,53.0,13:00,"9,6",03:05
2023-12-02,3182Y,ARGANDA DEL REY,MADRID,533,7.5,0.0,2.0,23:50,13.0,14:07,25.0,"0,8","10,8",00:20,76.0,93.0,07:50,52.0,14:50,"0,0",
2023-12-03,3182Y,ARGANDA DEL REY,MADRID,533,4.2,1.6,-0.6,06:18,8.9,Varias,23.0,"1,4","4,7",13:50,87.0,96.0,Varias,73.0,14:50,"0,0",
2023-12-04,3182Y,ARGANDA DEL REY,MADRID,533,8.8,0.0,5.6,03:47,11.9,14:58,22.0,"2,5","9,2",15:00,87.0,93.0,Varias,76.0,Varias,"2,4",01:20
2023-12-05,3182Y,ARGANDA DEL REY,MADRID,533,5.6,0.0,1.4,05:38,9.8,12:41,5.0,"0,8","5,0",23:10,79.0,95.0,Varias,66.0,12:30,"0,0",
2023-12-06,3182Y,ARGANDA DEL REY,MADRID,533,5.9,0.0,1.8,07:25,10.0,14:24,3.0,"0,6","3,3",00:30,82.0,93.0,Varias,70.0,10:20,"0,0",
2023-12-07,3182Y,ARGANDA DEL REY,MADRID,533,5.6,14.4,1.8,06:08,9.3,21:00,15.0,"0,8","9,2",20:40,92.0,96.0,Varias,88.0,12:50,"6,0",Varias
2023-12-08,3182Y,ARGANDA DEL REY,MADRID,533,8.5,0.2,3.7,Varias,13.3,13:50,27.0,"2,8","10,3",13:10,73.0,98.0,04:00,53.0,Varias,"2,4",Varias
2023-12-09,3182Y,ARGANDA DEL REY,MADRID,533,8.8,0.0,3.5,01:21,14.1,14:08,25.0,"1,7","8,3",13:40,91.0,95.0,Varias,83.0,13:50,"0,0",
2023-12-10,3182Y,ARGANDA DEL REY,MADRID,533,12.2,0.0,11.0,07:47,13.5,14:12,24.0,"1,7","6,1",16:00,92.0,97.0,08:30,87.0,14:40,"0,0",
2023-12-11,3182Y,ARGANDA DEL REY,MADRID,533,10.8,0.0,7.2,23:55,14.3,13:38,22.0,"0,6","5,3",00:40,84.0,95.0,00:00,73.0,14:20,"0,0",
2023-12-12,3182Y,ARGANDA DEL REY,MADRID,533,9.6,4.2,5.2,Varias,13.9,16:26,21.0,"1,4","7,2",23:50,94.0,98.0,Varias,86.0,Varias,"12,0",21:25
2023-12-13,3182Y,ARGANDA DEL REY,MADRID,533,8.2,0.0,3.4,23:55,13.0,13:48,29.0,"3,1","9,7",12:50,69.0,95.0,00:00,53.0,Varias,"0,0",
2023-12-14,3182Y,ARGANDA DEL REY,MADRID,533,6.6,0.0,0.0,07:21,13.1,15:00,36.0,"2,8","9,2",18:00,71.0,96.0,09:10,52.0,14:20,"0,0",
2023-12-15,3182Y,ARGANDA DEL REY,MADRID,533,7.6,0.0,0.4,07:41,14.7,13:59,1.0,"1,7","8,6",13:20,73.0,94.0,08:20,51.0,13:50,"0,0",
2023-12-16,3182Y,ARGANDA DEL REY,MADRID,533,6.6,0.0,-0.3,07:24,13.5,14:39,17.0,"0,6","2,8",00:30,76.0,94.0,Varias,54.0,15:00,"0,0",
2023-12-17,3182Y,ARGANDA DEL REY,MADRID,533,6.6,0.0,-1.4,04:55,14.5,15:59,7.0,"1,1","3,9",10:30,76.0,95.0,08:00,50.0,16:00,"0,0",
2023-12-18,3182Y,ARGANDA DEL REY,MADRID,533,5.8,0.2,-1.6,06:14,13.3,14:46,5.0,"0,3","3,3",10:10,77.0,95.0,Varias,51.0,14:30,"1,2",09:05
2023-12-19,3182Y,ARGANDA DEL REY,MADRID,533,5.1,0.2,-2.5,07:03,12.7,15:12,23.0,"0,3","2,8",14:50,76.0,96.0,08:10,45.0,14:10,"0,0",
2023-12-20,3182Y,ARGANDA DEL REY,MADRID,533,5.8,0.2,-1.1,02:04,12.7,13:46,34.0,"4,2","13,6",17:50,69.0,95.0,Varias,48.0,14:40,"1,2",Varias
2023-12-21,3182Y,ARGANDA DEL REY,MADRID,533,6.7,0.0,-0.8,07:16,14.2,15:50,1.0,"0,3","6,4",00:30,75.0,94.0,08:30,54.0,16:00,"0,0",
2023-12-22,3182Y,ARGANDA DEL REY,MADRID,533,7.4,0.0,-1.3,03:39,16.2,15:24,2.0,"0,6","4,7",15:00,75.0,97.0,09:20,51.0,15:30,"0,0",
2023-12-23,3182Y,ARGANDA DEL REY,MADRID,533,6.8,0.0,-1.7,07:29,15.2,15:08,4.0,"0,8","4,2",10:20,75.0,96.0,Varias,49.0,15:10,"0,0",
2023-12-24,3182Y,ARGANDA DEL REY,MADRID,533,5.6,0.2,-1.8,04:58,13.0,15:00,6.0,"0,6","3,1",10:30,75.0,95.0,08:00,54.0,14:10,"1,2",08:55
2023-12-25,3182Y,ARGANDA DEL REY,MADRID,533,4.2,0.0,-3.5,06:43,11.8,14:05,22.0,"0,3","2,8",16:00,80.0,95.0,Varias,62.0,15:00,"0,0",
2023-12-26,3182Y,ARGANDA DEL REY,MADRID,533,-0.2,0.2,-4.0,05:26,3.7,14:00,25.0,"1,4","4,2",15:30,94.0,98.0,Varias,92.0,Varias,"1,2",20:05
2023-12-27,3182Y,ARGANDA DEL REY,MADRID,533,4.2,0.2,-3.0,07:59,11.5,15:21,23.0,"0,6","4,2",15:10,83.0,100.0,Varias,58.0,15:30,"1,2",09:25
2023-12-28,3182Y,ARGANDA DEL REY,MADRID,533,2.2,0.0,-2.8,02:48,7.1,14:48,99.0,"0,6","2,8",Varias,85.0,97.0,08:50,72.0,Varias,"0,0",
2023-12-29,3182Y,ARGANDA DEL REY,MADRID,533,4.6,0.0,1.0,01:06,8.3,15:04,4.0,"0,8","5,6",11:30,87.0,95.0,Varias,67.0,15:20,"0,0",
2023-12-30,3182Y,ARGANDA DEL REY,MADRID,533,5.8,0.0,-1.9,07:51,13.4,15:17,6.0,"0,8","3,1",09:50,78.0,98.0,09:00,52.0,15:20,"0,0",
2023-12-31,3182Y,ARGANDA DEL REY,MADRID,533,6.4,0.0,2.3,00:45,10.6,14:24,24.0,"2,8","10,3",11:40,87.0,94.0,Varias,80.0,14:20,"0,0",
2024-01-01,3182Y,ARGANDA DEL REY,MADRID,533,6.2,0.0,1.4,22:42,11.1,15:20,99.0,"1,4","4,2",15:50,85.0,97.0,07:00,69.0,14:40,"0,0",
2024-01-02,3182Y,ARGANDA DEL REY,MADRID,533,4.0,1.4,0.2,06:30,7.8,16:18,13.0,"0,6","2,5",06:50,91.0,98.0,09:30,86.0,13:40,"0,0",
2024-01-03,3182Y,ARGANDA DEL REY,MADRID,533,9.8,1.4,6.5,00:14,13.2,14:25,25.0,"2,8","7,8",16:10,95.0,98.0,Varias,90.0,19:20,"2,4",08:45
2024-01-04,3182Y,ARGANDA DEL REY,MADRID,533,9.6,6.2,7.3,00:42,12.0,12:05,20.0,"1,1","5,6",22:50,95.0,99.0,07:00,91.0,13:00,"6,0",16:05
2024-01-05,3182Y,ARGANDA DEL REY,MADRID,533,7.8,0.4,5.0,06:54,10.7,14:39,28.0,"2,5","9,7",04:30,69.0,96.0,Varias,55.0,15:50,"2,4",04:35
2024-01-06,3182Y,ARGANDA DEL REY,MADRID,533,5.2,0.0,-0.8,07:42,11.1,13:02,29.0,"1,4","7,5",13:10,73.0,93.0,08:10,52.0,14:00,"0,0",
2024-01-07,3182Y,ARGANDA DEL REY,MADRID,533,4.8,0.0,-1.4,23:56,10.9,14:59,33.0,"0,8","5,3",15:30,72.0,95.0,08:40,49.0,15:10,"0,0",
2024-01-08,3182Y,ARGANDA DEL REY,MADRID,533,2.4,0.0,-3.9,07:17,8.6,13:43,25.0,"0,8","4,7",15:40,77.0,97.0,09:00,58.0,Varias,"0,0",
2024-01-09,3182Y,ARGANDA DEL REY,MADRID,533,5.9,0.2,3.5,00:01,8.3,14:22,99.0,"0,8","3,3",23:50,80.0,89.0,Varias,72.0,14:30,"0,0",
2024-01-10,3182Y,ARGANDA DEL REY,MADRID,533,6.0,1.0,4.0,07:46,8.1,14:23,23.0,"2,8","8,1",12:50,91.0,95.0,Varias,87.0,14:00,"1,2",Varias
2024-01-11,3182Y,ARGANDA DEL REY,MADRID,533,4.1,0.0,-1.3,23:56,9.5,15:46,4.0,"1,7","5,3",16:10,75.0,97.0,Varias,54.0,15:30,"0,0",
2024-01-12,3182Y,ARGANDA DEL REY,MADRID,533,3.3,0.0,-2.7,05:10,9.3,16:05,3.0,"1,1","3,9",01:00,75.0,91.0,07:00,63.0,14:00,"0,0",
2024-01-13,3182Y,ARGANDA DEL REY,MADRID,533,4.8,0.0,-0.1,01:11,9.6,15:49,8.0,"1,1","4,2",09:30,82.0,92.0,23:40,72.0,14:50,"0,0",
2024-01-14,3182Y,ARGANDA DEL REY,MADRID,533,6.8,2.8,4.2,03:40,9.4,15:38,9.0,"0,6","6,1",10:20,89.0,94.0,23:50,85.0,12:40,"1,2",Varias
2024-01-15,3182Y,ARGANDA DEL REY,MADRID,533,11.4,2.4,8.3,00:01,14.5,14:47,22.0,"2,8","11,4",15:20,96.0,98.0,Varias,88.0,15:10,"3,6",16:55
2024-01-16,3182Y,ARGANDA DEL REY,MADRID,533,13.7,8.6,11.7,20:53,15.7,12:35,23.0,"3,3","10,6",00:50,84.0,95.0,00:00,68.0,18:40,"0,0",
2024-01-17,3182Y,ARGANDA DEL REY,MADRID,533,11.9,1.4,10.7,06:57,13.1,16:24,22.0,"5,8","17,2",09:10,86.0,93.0,Varias,78.0,16:30,"7,2",05:45
2024-01-18,3182Y,ARGANDA DEL REY,MADRID,533,12.2,11.4,10.3,06:04,14.0,14:45,24.0,"3,9","13,1",02:30,87.0,95.0,23:30,76.0,15:10,"1,2",Varias
2024-01-19,3182Y,ARGANDA DEL REY,MADRID,533,7.1,16.0,3.6,22:07,10.6,Varias,1.0,"4,7","14,2",23:40,92.0,97.0,04:30,83.0,18:30,"9,6",10:25
2024-01-20,3182Y,ARGANDA DEL REY,MADRID,533,6.0,0.0,1.5,08:05,10.4,13:00,2.0,"1,7","11,9",00:10,81.0,93.0,Varias,66.0,12:10,"0,0",
2024-01-21,3182Y,ARGANDA DEL REY,MADRID,533,7.8,0.0,2.5,23:59,13.1,15:39,31.0,"1,1","3,6",09:00,79.0,97.0,08:30,61.0,13:50,"0,0",
2024-01-22,3182Y,ARGANDA DEL REY,MADRID,533,6.2,0.0,0.2,06:33,12.2,16:08,19.0,"0,6","3,3",14:00,84.0,98.0,Varias,72.0,15:40,"0,0",
2024-01-23,3182Y,ARGANDA DEL REY,MADRID,533,9.5,0.0,1.4,07:10,17.6,16:17,16.0,"0,8","3,1",13:30,83.0,98.0,Varias,66.0,16:20,"0,0",
2024-01-24,3182Y,ARGANDA DEL REY,MADRID,533,11.5,0.0,2.1,07:53,20.9,16:15,7.0,"0,3","2,8",03:20,79.0,99.0,08:50,56.0,16:30,"0,0",
2024-01-25,3182Y,ARGANDA DEL REY,MADRID,533,10.8,0.0,2.0,06:32,19.7,16:04,6.0,"0,8","2,8",10:20,77.0,97.0,Varias,58.0,15:20,"0,0",
2024-01-26,3182Y,ARGANDA DEL REY,MADRID,533,11.2,0.0,2.4,06:11,19.9,14:53,99.0,"0,3","2,8",Varias,75.0,97.0,09:00,54.0,15:00,"0,0",
2024-01-27,3182Y,ARGANDA DEL REY,MADRID,533,12.1,0.0,4.4,07:28,19.8,14:25,7.0,"1,1","3,9",19:20,73.0,93.0,Varias,48.0,14:30,"0,0",
2024-01-28,3182Y,ARGANDA DEL REY,MADRID,533,11.6,0.0,3.2,07:03,19.9,16:13,6.0,"1,1","3,3",08:30,75.0,95.0,08:20,51.0,16:00,"0,0",
2024-01-29,3182Y,ARGANDA DEL REY,MADRID,533,10.0,0.0,4.4,07:33,15.6,15:06,21.0,"1,4","4,7",12:40,78.0,95.0,08:30,61.0,14:40,"0,0",
2024-01-30,3182Y,ARGANDA DEL REY,MADRID,533,9.2,0.0,3.1,07:45,15.2,15:08,6.0,"0,6","3,1",12:00,80.0,96.0,08:30,65.0,15:10,"0,0",
2024-01-31,3182Y,ARGANDA DEL REY,MADRID,533,6.5,0.0,2.3,03:50,10.7,14:58,36.0,"0,6","3,9",14:30,86.0,94.0,Varias,76.0,15:20,"0,0",
2024-02-01,3182Y,ARGANDA DEL REY,MADRID,533,10.0,0.0,0.1,07:25,20.0,16:01,33.0,"0,6","4,4",15:20,72.0,98.0,08:30,44.0,15:40,"0,0",
2024-02-02,3182Y,ARGANDA DEL REY,MADRID,533,9.2,0.0,1.1,07:31,17.2,15:45,4.0,"1,4","7,8",10:40,68.0,95.0,08:10,47.0,14:20,"0,0",
2024-02-03,3182Y,ARGANDA DEL REY,MADRID,533,10.5,0.0,1.5,07:31,19.5,16:37,13.0,"0,3","3,6",14:20,64.0,95.0,08:10,34.0,17:00,"0,0",
2024-02-04,3182Y,ARGANDA DEL REY,MADRID,533,9.6,0.0,0.1,07:37,19.2,16:02,21.0,"0,8","3,3",13:50,66.0,93.0,08:00,34.0,15:40,"0,0",
2024-02-05,3182Y,ARGANDA DEL REY,MADRID,533,8.4,0.0,0.4,07:21,16.5,15:26,7.0,"0,6","2,8",03:20,72.0,92.0,07:40,50.0,15:30,"0,0",
2024-02-06,3182Y,ARGANDA DEL REY,MADRID,533,9.0,0.0,2.5,06:11,15.4,15:19,22.0,"0,8","5,3",16:00,79.0,94.0,08:40,63.0,15:10,"0,0",
2024-02-07,3182Y,ARGANDA DEL REY,MADRID,533,7.4,0.0,2.5,03:33,12.4,15:55,24.0,"2,5","10,0",16:00,88.0,97.0,07:30,76.0,12:00,"0,0",
2024-02-08,3182Y,ARGANDA DEL REY,MADRID,533,10.0,7.4,6.8,07:27,13.1,15:38,22.0,"3,3","13,3",17:10,78.0,96.0,08:40,55.0,17:00,"1,2",Varias
2024-02-09,3182Y,ARGANDA DEL REY,MADRID,533,10.8,7.4,8.7,23:55,13.0,12:39,22.0,"4,4","14,2",19:20,89.0,96.0,08:10,80.0,20:10,"6,0",15:25
2024-02-10,3182Y,ARGANDA DEL REY,MADRID,533,8.4,0.0,5.4,23:46,11.5,13:48,22.0,"5,6","12,5",12:40,65.0,91.0,01:30,53.0,16:50,"0,0",
2024-02-11,3182Y,ARGANDA DEL REY,MADRID,533,6.2,0.0,3.0,Varias,9.4,14:53,99.0,"3,6","10,8",Varias,85.0,93.0,23:40,66.0,00:40,"0,0",
2024-02-12,3182Y,ARGANDA DEL REY,MADRID,533,11.3,0.0,6.5,00:01,16.1,15:32,24.0,"3,9","13,9",14:20,85.0,95.0,Varias,70.0,15:10,"0,0",
2024-02-13,3182Y,ARGANDA DEL REY,MADRID,533,12.2,0.0,7.6,04:21,16.9,15:27,24.0,"2,5","6,4",12:40,83.0,96.0,Varias,71.0,12:50,"0,0",
2024-02-14,3182Y,ARGANDA DEL REY,MADRID,533,13.2,0.0,7.0,04:28,19.5,13:48,33.0,"0,8","5,6",13:40,81.0,97.0,Varias,69.0,Varias,"0,0",
2024-02-15,3182Y,ARGANDA DEL REY,MADRID,533,11.2,3.8,7.7,05:28,14.6,12:44,26.0,"2,5","12,2",09:10,88.0,96.0,07:10,80.0,13:00,"2,4",Varias
2024-02-16,3182Y,ARGANDA DEL REY,MADRID,533,11.4,0.0,5.0,23:53,17.7,15:23,36.0,"1,4","6,4",14:10,66.0,92.0,Varias,47.0,16:00,"0,0",
2024-02-17,3182Y,ARGANDA DEL REY,MADRID,533,9.8,0.0,0.7,07:14,18.9,17:24,99.0,"1,1","3,9",14:40,65.0,96.0,08:10,35.0,16:00,"0,0",
2024-02-18,3182Y,ARGANDA DEL REY,MADRID,533,10.2,0.0,1.0,06:56,19.3,16:49,24.0,"0,8","3,3",13:50,64.0,92.0,07:30,35.0,15:40,"0,0",
2024-02-19,3182Y,ARGANDA DEL REY,MADRID,533,11.8,0.0,2.6,06:13,21.0,16:07,35.0,"1,7","6,4",15:20,64.0,94.0,08:00,43.0,16:10,"0,0",
2024-02-20,3182Y,ARGANDA DEL REY,MADRID,533,10.8,0.0,1.0,06:57,20.7,15:36,26.0,"1,1","3,9",15:30,62.0,91.0,07:20,29.0,15:40,"0,0",
2024-02-21,3182Y,ARGANDA DEL REY,MADRID,533,9.0,0.0,1.6,07:30,16.5,14:48,18.0,"1,4","5,3",18:40,71.0,93.0,07:50,56.0,12:20,"0,0",
2024-02-22,3182Y,ARGANDA DEL REY,MADRID,533,10.6,3.0,7.2,06:59,13.9,15:44,24.0,"6,9","17,2",16:10,82.0,92.0,20:10,66.0,23:10,"8,4",20:25
2024-02-23,3182Y,ARGANDA DEL REY,MADRID,533,6.8,1.2,2.7,07:21,10.9,15:01,24.0,"4,4","15,0",14:20,74.0,90.0,23:50,59.0,14:00,"3,6",17:25
2024-02-24,3182Y,ARGANDA DEL REY,MADRID,533,6.6,0.0,2.4,07:08,10.9,12:29,29.0,"3,9","10,3",11:10,63.0,93.0,07:40,48.0,14:30,"0,0",
2024-02-25,3182Y,ARGANDA DEL REY,MADRID,533,10.2,0.4,6.3,00:11,14.2,13:31,25.0,"8,9","19,2",15:10,83.0,95.0,08:10,71.0,14:40,"1,2",23:15
2024-02-26,3182Y,ARGANDA DEL REY,MADRID,533,9.7,0.0,7.0,21:33,12.4,13:52,28.0,"4,2","13,6",15:00,66.0,91.0,01:30,44.0,13:50,"1,2",06:25
2024-02-27,3182Y,ARGANDA DEL REY,MADRID,533,7.8,0.0,3.0,05:20,12.7,13:42,36.0,"5,8","17,5",07:30,49.0,75.0,05:20,44.0,14:20,"0,0",
2024-02-28,3182Y,ARGANDA DEL REY,MADRID,533,8.6,0.0,1.9,06:54,15.3,14:51,33.0,"4,4","12,2",10:10,57.0,80.0,23:59,46.0,Varias,"0,0",
2024-02-29,3182Y,ARGANDA DEL REY,MADRID,533,7.7,0.0,-0.7,05:35,16.1,14:46,33.0,"3,6","14,2",18:40,63.0,94.0,07:50,42.0,18:00,"0,0",
2024-03-01,3182Y,ARGANDA DEL REY,MADRID,533,6.8,0.0,-0.1,06:34,13.8,16:31,24.0,"3,1","10,3",15:50,60.0,82.0,Varias,46.0,14:00,"0,0",
2024-03-02,3182Y,ARGANDA DEL REY,MADRID,533,6.0,8.6,2.2,19:50,9.7,10:24,21.0,"5,6","16,1",12:10,82.0,94.0,20:10,70.0,10:30,"8,4",16:55
2024-03-03,3182Y,ARGANDA DEL REY,MADRID,533,6.5,0.0,1.9,05:25,11.1,14:47,25.0,"4,7","14,4",10:20,63.0,81.0,01:30,46.0,14:20,"0,0",
2024-03-04,3182Y,ARGANDA DEL REY,MADRID,533,9.9,0.0,5.9,24:00,13.9,15:58,24.0,"5,6","14,4",15:00,80.0,91.0,07:20,67.0,22:40,"0,0",
2024-03-05,3182Y,ARGANDA DEL REY,MADRID,533,8.3,0.0,1.5,06:58,15.1,15:55,25.0,"2,5","6,4",16:50,65.0,89.0,07:30,42.0,15:50,"0,0",
2024-03-06,3182Y,ARGANDA DEL REY,MADRID,533,8.2,0.0,0.4,06:43,16.0,16:38,23.0,"1,4","5,6",13:20,66.0,92.0,07:00,44.0,16:30,"0,0",
2024-03-07,3182Y,ARGANDA DEL REY,MADRID,533,7.3,6.8,1.1,05:38,13.5,13:26,18.0,"3,9","12,5",13:40,76.0,93.0,06:30,53.0,14:10,"3,6",Varias
2024-03-08,3182Y,ARGANDA DEL REY,MADRID,533,8.0,14.6,4.8,Varias,11.3,14:44,25.0,"6,7","16,7",11:30,75.0,92.0,23:30,62.0,15:00,"6,0",Varias
2024-03-09,3182Y,ARGANDA DEL REY,MADRID,533,6.3,5.2,3.8,20:49,8.8,Varias,24.0,"5,8","13,6",14:30,84.0,93.0,01:40,73.0,14:10,"7,2",01:35
2024-03-10,3182Y,ARGANDA DEL REY,MADRID,533,9.1,0.6,5.4,00:01,12.8,16:51,31.0,"5,6","12,5",14:30,79.0,94.0,Varias,56.0,14:30,"3,6",05:35
2024-03-11,3182Y,ARGANDA DEL REY,MADRID,533,9.2,0.0,3.3,23:55,15.2,13:32,26.0,"3,1","11,1",00:10,55.0,86.0,Varias,41.0,14:10,"0,0",
2024-03-12,3182Y,ARGANDA DEL REY,MADRID,533,9.6,0.0,1.0,05:41,18.3,16:23,26.0,"0,8","4,7",12:50,64.0,93.0,07:20,42.0,15:50,"0,0",
2024-03-13,3182Y,ARGANDA DEL REY,MADRID,533,11.8,0.0,2.8,05:41,20.7,15:43,10.0,"1,4","5,8",13:50,64.0,92.0,06:30,41.0,14:50,"0,0",
2024-03-14,3182Y,ARGANDA DEL REY,MADRID,533,10.4,0.0,3.3,06:26,17.4,12:06,24.0,"2,8","8,3",17:00,75.0,93.0,Varias,62.0,17:00,"0,0",
2024-03-15,3182Y,ARGANDA DEL REY,MADRID,533,11.5,0.0,3.8,04:28,19.2,17:02,99.0,"1,4","4,7",17:50,76.0,97.0,07:30,59.0,14:50,"0,0",
2024-03-16,3182Y,ARGANDA DEL REY,MADRID,533,13.0,0.0,5.8,03:21,20.2,15:55,24.0,"0,8","5,3",14:30,80.0,96.0,Varias,55.0,16:00,"0,0",
2024-03-17,3182Y,ARGANDA DEL REY,MADRID,533,14.8,0.0,7.2,05:18,22.5,16:18,24.0,"0,8","3,3",14:10,67.0,95.0,07:10,49.0,16:30,"0,0",
2024-03-18,3182Y,ARGANDA DEL REY,MADRID,533,14.4,0.0,6.6,06:55,22.2,15:30,22.0,"0,8","5,3",14:00,72.0,94.0,Varias,52.0,15:00,"0,0",
2024-03-19,3182Y,ARGANDA DEL REY,MADRID,533,16.6,0.0,8.7,06:18,24.4,14:40,22.0,"1,1","5,3",13:50,63.0,93.0,07:20,38.0,15:30,"0,0",
2024-03-20,3182Y,ARGANDA DEL REY,MADRID,533,15.8,0.0,8.8,05:07,22.8,Varias,11.0,"1,7","16,4",17:00,62.0,89.0,Varias,45.0,14:00,"0,0",
2024-03-21,3182Y,ARGANDA DEL REY,MADRID,533,18.4,0.0,11.3,23:53,25.5,14:08,14.0,"2,8","10,3",15:00,59.0,82.0,07:10,37.0,14:20,"0,0",
2024-03-22,3182Y,ARGANDA DEL REY,MADRID,533,18.3,0.0,9.6,02:43,27.0,14:05,14.0,"0,6","5,8",12:10,57.0,87.0,Varias,34.0,12:50,"0,0",
2024-03-23,3182Y,ARGANDA DEL REY,MADRID,533,17.4,0.0,8.8,06:47,26.1,14:33,4.0,"1,4","7,5",08:20,62.0,88.0,Varias,32.0,15:20,"0,0",
2024-03-24,3182Y,ARGANDA DEL REY,MADRID,533,16.2,1.4,8.2,06:30,24.1,14:26,11.0,"2,2","8,9",18:10,59.0,87.0,07:10,39.0,14:10,"0,0",
2024-03-25,3182Y,ARGANDA DEL REY,MADRID,533,11.8,2.4,9.2,24:00,14.5,17:09,22.0,"1,9","10,3",20:00,90.0,94.0,13:50,70.0,00:00,"2,4",Varias
2024-03-26,3182Y,ARGANDA DEL REY,MADRID,533,7.0,4.0,3.8,21:14,10.3,15:33,25.0,"4,2","16,1",18:40,74.0,92.0,Varias,54.0,16:00,"3,6",12:50
2024-03-27,3182Y,ARGANDA DEL REY,MADRID,533,9.7,2.4,5.6,00:01,13.8,12:26,23.0,"6,9","18,3",14:40,85.0,96.0,09:30,71.0,12:10,"2,4",Varias
2024-03-28,3182Y,ARGANDA DEL REY,MADRID,533,12.3,15.2,7.7,05:40,16.9,14:57,23.0,"5,6","14,4",16:20,77.0,94.0,23:40,61.0,13:00,"14,4",21:15
2024-03-29,3182Y,ARGANDA DEL REY,MADRID,533,8.0,7.8,3.9,23:55,12.1,01:07,20.0,"3,3","10,8",01:40,90.0,94.0,Varias,81.0,16:50,"12,0",01:25
2024-03-30,3182Y,ARGANDA DEL REY,MADRID,533,8.1,12.8,3.9,00:01,12.3,12:10,27.0,"5,3","14,7",22:50,83.0,95.0,Varias,66.0,13:40,"8,4",22:45
2024-03-31,3182Y,ARGANDA DEL REY,MADRID,533,7.6,5.2,4.5,24:00,10.7,15:29,23.0,"3,9","15,6",16:20,87.0,95.0,Varias,73.0,15:50,"10,8",12:05
2024-04-01,3182Y,ARGANDA DEL REY,MADRID,533,8.0,0.4,2.6,01:44,13.3,14:47,24.0,"5,3","16,7",16:00,76.0,95.0,Varias,57.0,15:00,"1,2",Varias
2024-04-02,3182Y,ARGANDA DEL REY,MADRID,533,9.0,0.0,2.7,05:40,15.2,14:28,23.0,"1,9","8,9",12:00,76.0,98.0,07:10,59.0,16:10,"0,0",
2024-04-03,3182Y,ARGANDA DEL REY,MADRID,533,12.8,0.0,7.6,Varias,18.0,14:43,24.0,"2,8","8,3",17:00,72.0,91.0,05:30,55.0,15:40,"0,0",
2024-04-04,3182Y,ARGANDA DEL REY,MADRID,533,13.2,0.0,5.1,Varias,21.4,16:43,22.0,"0,6","6,4",11:30,71.0,96.0,07:30,50.0,16:00,"0,0",
2024-04-05,3182Y,ARGANDA DEL REY,MADRID,533,15.1,0.0,6.1,06:15,24.1,15:54,15.0,"1,1","6,7",14:40,62.0,93.0,06:40,41.0,Varias,"0,0",
2024-04-06,3182Y,ARGANDA DEL REY,MADRID,533,19.5,0.0,14.0,06:21,25.0,14:28,11.0,"0,8","7,2",04:50,57.0,84.0,Varias,40.0,12:00,"0,0",
2024-04-07,3182Y,ARGANDA DEL REY,MADRID,533,17.8,0.0,12.4,05:25,23.2,15:50,99.0,"1,4","7,2",Varias,69.0,91.0,06:50,51.0,11:40,"0,0",
2024-04-08,3182Y,ARGANDA DEL REY,MADRID,533,13.6,0.0,8.1,23:44,19.1,13:24,24.0,"5,3","14,7",14:40,71.0,93.0,06:30,52.0,13:00,"0,0",
2024-04-09,3182Y,ARGANDA DEL REY,MADRID,533,10.4,0.0,2.2,06:06,18.7,16:48,34.0,"1,4","7,2",12:50,54.0,91.0,06:30,33.0,13:00,"0,0",
2024-04-10,3182Y,ARGANDA DEL REY,MADRID,533,12.6,0.0,3.4,04:17,21.9,16:02,36.0,"1,4","7,8",19:40,54.0,87.0,04:30,37.0,15:10,"0,0",
2024-04-11,3182Y,ARGANDA DEL REY,MADRID,533,16.8,0.0,6.3,05:59,27.4,15:43,3.0,"2,2","9,2",12:40,52.0,89.0,06:10,34.0,16:00,"0,0",
2024-04-12,3182Y,ARGANDA DEL REY,MADRID,533,16.9,0.0,7.6,05:36,26.2,16:16,23.0,"1,4","3,6",11:10,50.0,79.0,23:59,29.0,15:20,"0,0",
2024-04-13,3182Y,ARGANDA DEL REY,MADRID,533,17.9,0.0,6.9,05:31,28.9,16:41,10.0,"1,4","3,6",11:50,52.0,91.0,06:10,20.0,14:40,"0,0",
2024-04-14,3182Y,ARGANDA DEL REY,MADRID,533,18.4,0.0,8.1,04:56,28.6,16:17,24.0,"1,9","4,2",15:10,51.0,86.0,05:10,30.0,13:30,"0,0",
2024-04-15,3182Y,ARGANDA DEL REY,MADRID,533,20.4,0.0,10.5,05:39,30.3,16:24,2.0,"1,4","7,5",20:50,51.0,86.0,Varias,33.0,16:20,"0,0",
2024-04-16,3182Y,ARGANDA DEL REY,MADRID,533,18.8,0.0,9.1,04:32,28.5,16:27,36.0,"2,5","8,3",18:40,49.0,82.0,06:10,31.0,16:30,"0,0",
2024-04-17,3182Y,ARGANDA DEL REY,MADRID,533,16.0,0.0,7.8,05:37,24.1,15:34,2.0,"1,9","6,1",10:00,42.0,74.0,05:40,31.0,15:10,"0,0",
2024-04-18,3182Y,ARGANDA DEL REY,MADRID,533,14.8,0.0,5.8,05:47,23.7,15:27,1.0,"2,2","6,4",15:50,43.0,79.0,06:00,28.0,14:00,"0,0",
2024-04-19,3182Y,ARGANDA DEL REY,MADRID,533,15.0,0.0,5.4,05:32,24.7,16:37,36.0,"1,4","5,6",01:10,46.0,76.0,23:59,33.0,16:40,"0,0",
2024-04-20,3182Y,ARGANDA DEL REY,MADRID,533,17.4,0.0,7.9,05:31,26.9,14:38,36.0,"1,9","7,5",Varias,46.0,87.0,05:40,23.0,16:00,"0,0",
2024-04-21,3182Y,ARGANDA DEL REY,MADRID,533,16.2,0.0,6.5,05:10,25.8,17:49,1.0,"1,1","10,3",20:50,37.0,69.0,Varias,24.0,15:00,"0,0",
2024-04-22,3182Y,ARGANDA DEL REY,MADRID,533,13.3,0.0,6.9,23:43,19.7,15:30,2.0,"2,5","11,7",19:40,34.0,58.0,06:10,24.0,13:10,"0,0",
2024-04-23,3182Y,ARGANDA DEL REY,MADRID,533,11.9,0.0,3.4,05:37,20.4,15:26,1.0,"1,7","10,0",16:20,38.0,56.0,21:10,29.0,15:30,"0,0",
2024-04-24,3182Y,ARGANDA DEL REY,MADRID,533,11.0,0.0,2.2,05:29,19.8,15:13,36.0,"2,2","9,7",00:10,37.0,79.0,04:30,24.0,13:20,"0,0",
2024-04-25,3182Y,ARGANDA DEL REY,MADRID,533,12.0,0.0,4.2,05:40,19.9,12:16,25.0,"2,5","10,0",14:20,44.0,82.0,Varias,30.0,18:00,"0,0",
2024-04-26,3182Y,ARGANDA DEL REY,MADRID,533,11.9,2.2,6.0,02:47,17.8,13:50,25.0,"2,8","11,7",14:20,57.0,81.0,06:00,43.0,Varias,"0,0",
2024-04-27,3182Y,ARGANDA DEL REY,MADRID,533,11.1,0.6,6.4,23:56,15.8,16:28,23.0,"5,0","13,1",12:10,69.0,91.0,06:00,45.0,17:20,"2,4",05:10
2024-04-28,3182Y,ARGANDA DEL REY,MADRID,533,10.4,0.0,2.0,05:28,18.9,15:51,26.0,"1,4","5,6",15:20,53.0,92.0,06:00,34.0,16:30,"0,0",
2024-04-29,3182Y,ARGANDA DEL REY,MADRID,533,14.2,0.3,7.2,04:58,21.3,13:17,12.0,"1,7","10,8",14:50,53.0,79.0,05:10,32.0,13:20,"1,2",14:35
2024-04-30,3182Y,ARGANDA DEL REY,MADRID,533,12.6,0.0,6.1,03:23,19.2,12:27,24.0,"4,2","11,7",16:00,57.0,88.0,Varias,35.0,15:20,"0,0",
2024-05-01,3182Y,ARGANDA DEL REY,MADRID,533,11.4,0.0,6.1,24:00,16.6,12:40,25.0,"4,2","13,6",15:40,54.0,88.0,05:30,32.0,13:10,"0,0",
2024-05-02,3182Y,ARGANDA DEL REY,MADRID,533,9.8,0.0,3.0,03:59,16.5,13:17,24.0,"3,9","9,2",13:00,51.0,85.0,04:30,34.0,13:00,"0,0",
2024-05-03,3182Y,ARGANDA DEL REY,MADRID,533,11.4,0.0,2.3,05:28,20.4,16:03,25.0,"2,8","8,9",13:00,53.0,90.0,06:00,33.0,14:40,"0,0",
2024-05-04,3182Y,ARGANDA DEL REY,MADRID,533,15.8,0.0,6.7,05:47,25.0,15:20,26.0,"4,4","10,8",16:10,51.0,86.0,06:10,31.0,13:00,"0,0",
2024-05-05,3182Y,ARGANDA DEL REY,MADRID,533,16.4,3.8,12.6,05:20,20.1,11:04,20.0,"3,6","9,7",11:20,71.0,91.0,23:20,58.0,Varias,"4,8",20:55
2024-05-06,3182Y,ARGANDA DEL REY,MADRID,533,14.4,0.0,7.9,23:57,21.0,15:37,26.0,"2,2","8,9",13:20,65.0,94.0,04:30,38.0,18:20,"0,0",
2024-05-07,3182Y,ARGANDA DEL REY,MADRID,533,14.6,0.0,4.6,04:55,24.7,16:14,1.0,"0,8","10,6",21:30,47.0,91.0,05:50,32.0,16:20,"0,0",
2024-05-08,3182Y,ARGANDA DEL REY,MADRID,533,17.6,0.0,7.2,04:19,28.1,18:28,2.0,"1,4","6,1",07:50,39.0,77.0,05:50,25.0,18:00,"0,0",
2024-05-09,3182Y,ARGANDA DEL REY,MADRID,533,18.6,0.0,8.2,05:45,29.1,16:32,24.0,"1,1","5,6",12:40,41.0,82.0,06:10,25.0,15:00,"0,0",
2024-05-10,3182Y,ARGANDA DEL REY,MADRID,533,21.5,0.0,11.4,05:39,31.6,16:49,13.0,"1,9","7,2",21:40,39.0,75.0,05:50,24.0,15:10,"0,0",
2024-05-11,3182Y,ARGANDA DEL REY,MADRID,533,21.4,0.0,12.8,05:25,30.1,15:24,23.0,"2,5","8,9",12:30,40.0,68.0,23:59,25.0,13:00,"0,0",
2024-05-12,3182Y,ARGANDA DEL REY,MADRID,533,20.0,0.0,10.9,04:38,29.2,14:41,25.0,"1,1","6,4",14:50,47.0,78.0,02:40,27.0,15:20,"0,0",
2024-05-13,3182Y,ARGANDA DEL REY,MADRID,533,20.0,0.0,10.8,05:22,29.2,14:59,25.0,"4,4","13,1",18:30,47.0,82.0,05:30,31.0,14:20,"0,0",
2024-05-14,3182Y,ARGANDA DEL REY,MADRID,533,16.0,0.0,10.9,05:26,21.0,14:27,27.0,"3,1","11,1",00:10,42.0,75.0,00:30,34.0,15:00,"0,0",
2024-05-15,3182Y,ARGANDA DEL REY,MADRID,533,15.0,0.0,10.0,Varias,19.9,14:07,28.0,"3,3","11,7",13:00,40.0,69.0,03:30,27.0,14:10,"0,0",
2024-05-16,3182Y,ARGANDA DEL REY,MADRID,533,13.7,0.0,7.8,02:12,19.6,16:04,26.0,"4,7","11,1",15:30,50.0,77.0,03:00,37.0,Varias,"0,0",
2024-05-17,3182Y,ARGANDA DEL REY,MADRID,533,16.1,0.0,10.6,02:42,21.6,16:57,21.0,"4,2","10,3",11:00,54.0,89.0,05:30,35.0,11:50,"0,0",
2024-05-18,3182Y,ARGANDA DEL REY,MADRID,533,15.7,0.0,7.4,04:14,24.0,16:50,24.0,"2,2","8,3",14:00,43.0,81.0,04:30,27.0,16:50,"0,0",
2024-05-19,3182Y,ARGANDA DEL REY,MADRID,533,15.2,0.0,5.9,03:48,24.4,14:08,18.0,"3,1","10,8",12:40,45.0,83.0,06:00,29.0,16:00,"0,0",
2024-05-20,3182Y,ARGANDA DEL REY,MADRID,533,15.2,0.0,6.6,05:18,23.8,15:39,28.0,"2,5","8,9",17:50,49.0,84.0,05:50,32.0,15:40,"0,0",
2024-05-21,3182Y,ARGANDA DEL REY,MADRID,533,15.5,0.0,8.5,01:53,22.5,12:52,20.0,"2,8","14,7",13:20,55.0,81.0,02:10,36.0,13:30,"0,0",
2024-05-22,3182Y,ARGANDA DEL REY,MADRID,533,15.4,0.0,7.5,03:10,23.4,14:18,22.0,"3,3","9,2",14:20,49.0,86.0,03:30,29.0,16:40,"0,0",
2024-05-23,3182Y,ARGANDA DEL REY,MADRID,533,16.6,0.0,5.7,05:00,27.6,16:57,3.0,"1,4","6,4",23:20,36.0,80.0,05:40,21.0,18:00,"0,0",
2024-05-24,3182Y,ARGANDA DEL REY,MADRID,533,20.6,0.0,11.8,05:08,29.5,17:00,28.0,"1,9","7,8",14:50,38.0,69.0,04:50,21.0,16:40,"0,0",
2024-05-25,3182Y,ARGANDA DEL REY,MADRID,533,19.8,0.0,9.0,05:12,30.7,16:54,22.0,"4,2","12,2",12:20,32.0,73.0,05:40,15.0,18:00,"0,0",
2024-05-26,3182Y,ARGANDA DEL REY,MADRID,533,19.8,0.0,8.1,04:45,31.4,16:54,25.0,"3,3","10,6",13:10,35.0,68.0,05:00,23.0,Varias,"0,0",
2024-05-27,3182Y,ARGANDA DEL REY,MADRID,533,22.0,0.0,11.4,04:25,32.6,16:57,2.0,"1,1","10,0",22:20,37.0,74.0,04:50,18.0,16:40,"0,0",
2024-05-28,3182Y,ARGANDA DEL REY,MADRID,533,23.5,0.0,13.7,05:16,33.3,16:57,3.0,"1,1","8,3",00:10,40.0,73.0,05:20,25.0,18:10,"0,0",
2024-05-29,3182Y,ARGANDA DEL REY,MADRID,533,24.2,0.0,12.9,05:08,35.6,17:02,26.0,"1,7","6,7",14:20,34.0,73.0,05:20,20.0,Varias,"0,0",
2024-05-30,3182Y,ARGANDA DEL REY,MADRID,533,26.1,0.0,16.2,05:16,36.0,17:01,36.0,"2,2","10,3",19:10,32.0,65.0,05:40,23.0,Varias,"0,0",
2024-05-31,3182Y,ARGANDA DEL REY,MADRID,533,23.2,0.0,14.7,06:15,31.8,15:30,1.0,"3,9","9,7",04:20,32.0,54.0,00:10,20.0,Varias,"0,0",
2024-06-01,3182Y,ARGANDA DEL REY,MADRID,533,20.6,0.0,12.2,05:04,28.9,15:43,2.0,"3,1","11,1",19:10,37.0,58.0,04:30,24.0,16:00,"0,0",
2024-06-02,3182Y,ARGANDA DEL REY,MADRID,533,21.6,0.0,12.5,05:15,30.6,16:59,1.0,"2,2","8,9",04:20,36.0,63.0,05:20,23.0,17:30,"0,0",
2024-06-03,3182Y,ARGANDA DEL REY,MADRID,533,23.5,0.0,14.8,05:14,32.2,15:12,10.0,"1,9","7,5",20:40,37.0,63.0,05:10,26.0,14:00,"0,0",
2024-06-04,3182Y,ARGANDA DEL REY,MADRID,533,24.1,0.0,14.3,04:58,33.9,17:03,22.0,"2,5","7,8",15:10,36.0,76.0,05:10,22.0,17:10,"0,0",
2024-06-05,3182Y,ARGANDA DEL REY,MADRID,533,25.2,0.0,15.2,04:49,35.3,17:02,23.0,"2,2","9,2",12:20,31.0,64.0,05:40,19.0,17:10,"0,0",
2024-06-06,3182Y,ARGANDA DEL REY,MADRID,533,26.1,0.6,15.3,04:13,36.9,15:17,19.0,"2,2","13,6",18:30,29.0,64.0,04:30,20.0,14:40,"2,4",18:35
2024-06-07,3182Y,ARGANDA DEL REY,MADRID,533,27.8,0.0,19.7,05:31,35.8,15:40,14.0,"5,3","23,6",17:30,32.0,58.0,00:20,24.0,Varias,"0,0",
2024-06-08,3182Y,ARGANDA DEL REY,MADRID,533,20.8,6.2,16.6,22:01,25.1,10:52,24.0,"2,5","9,7",12:10,69.0,90.0,23:40,44.0,00:00,"3,6",Varias
2024-06-09,3182Y,ARGANDA DEL REY,MADRID,533,20.5,7.0,15.4,01:37,25.6,17:05,36.0,"3,1","7,5",17:20,67.0,91.0,Varias,49.0,17:00,"0,0",
2024-06-10,3182Y,ARGANDA DEL REY,MADRID,533,17.2,3.2,14.2,07:34,20.3,16:40,34.0,"2,2","8,1",04:40,83.0,93.0,Varias,66.0,16:40,"13,2",06:15
2024-06-11,3182Y,ARGANDA DEL REY,MADRID,533,19.2,4.6,11.6,05:08,26.9,16:55,34.0,"2,2","11,1",20:10,46.0,83.0,23:00,34.0,16:40,"9,6",20:05
2024-06-12,3182Y,ARGANDA DEL REY,MADRID,533,19.4,0.2,12.8,05:25,26.1,13:15,26.0,"1,4","16,4",14:00,50.0,76.0,05:20,37.0,13:40,"1,2",14:05
2024-06-13,3182Y,ARGANDA DEL REY,MADRID,533,21.0,0.0,11.8,05:09,30.2,17:07,25.0,"3,3","11,1",13:30,40.0,74.0,00:00,22.0,15:30,"0,0",
2024-06-14,3182Y,ARGANDA DEL REY,MADRID,533,22.0,0.0,12.1,04:21,32.0,15:30,26.0,"4,4","13,6",14:20,37.0,82.0,04:30,20.0,14:30,"0,0",
2024-06-15,3182Y,ARGANDA DEL REY,MADRID,533,23.0,0.0,15.4,23:29,30.7,17:06,23.0,"3,9","10,6",15:00,37.0,80.0,05:20,20.0,13:40,"0,0",
2024-06-16,3182Y,ARGANDA DEL REY,MADRID,533,21.7,0.0,11.6,03:45,31.8,17:09,26.0,"3,3","9,2",16:40,28.0,64.0,03:30,20.0,13:00,"0,0",
2024-06-17,3182Y,ARGANDA DEL REY,MADRID,533,23.0,0.0,13.1,05:17,32.9,17:07,24.0,"3,6","11,7",13:40,36.0,72.0,05:30,21.0,13:30,"0,0",
2024-06-18,3182Y,ARGANDA DEL REY,MADRID,533,21.2,0.0,13.2,23:32,29.2,13:50,26.0,"3,6","13,6",16:40,52.0,80.0,23:40,24.0,14:20,"0,0",
2024-06-19,3182Y,ARGANDA DEL REY,MADRID,533,19.5,0.8,12.9,04:44,26.1,15:32,23.0,"2,2","14,7",19:00,49.0,83.0,Varias,33.0,13:30,"0,0",
2024-06-20,3182Y,ARGANDA DEL REY,MADRID,533,19.2,0.0,13.4,Varias,25.1,17:08,26.0,"3,9","12,5",12:50,63.0,86.0,04:40,40.0,17:10,"2,4",03:55
2024-06-21,3182Y,ARGANDA DEL REY,MADRID,533,21.4,0.0,11.7,05:12,31.1,17:12,16.0,"1,9","6,1",13:50,42.0,84.0,05:50,28.0,Varias,"0,0",
2024-06-22,3182Y,ARGANDA DEL REY,MADRID,533,22.7,0.0,12.7,03:24,32.7,15:02,27.0,"2,8","12,2",13:10,38.0,75.0,05:20,23.0,13:40,"0,0",
2024-06-23,3182Y,ARGANDA DEL REY,MADRID,533,25.4,0.0,16.5,05:11,34.3,16:03,36.0,"2,5","8,9",20:00,41.0,66.0,04:40,31.0,15:40,"0,0",
2024-06-24,3182Y,ARGANDA DEL REY,MADRID,533,26.4,0.0,17.7,05:10,35.0,17:10,33.0,"2,2","5,6",15:00,41.0,70.0,05:10,27.0,15:20,"0,0",
2024-06-25,3182Y,ARGANDA DEL REY,MADRID,533,28.0,0.2,19.4,05:16,36.6,15:11,21.0,"1,9","10,6",13:50,40.0,71.0,05:40,25.0,15:20,"1,2",16:45
2024-06-26,3182Y,ARGANDA DEL REY,MADRID,533,26.4,0.2,20.8,04:54,32.0,12:50,15.0,"3,9","11,4",13:30,43.0,64.0,05:10,38.0,17:10,"1,2",13:45
2024-06-27,3182Y,ARGANDA DEL REY,MADRID,533,29.2,0.0,21.9,05:23,36.6,15:03,12.0,"3,6","11,1",15:40,33.0,53.0,02:50,23.0,15:00,"0,0",
2024-06-28,3182Y,ARGANDA DEL REY,MADRID,533,22.4,2.4,17.0,23:55,27.9,10:08,24.0,"3,9","11,9",13:50,50.0,85.0,23:59,37.0,00:00,"2,4",Varias
2024-06-29,3182Y,ARGANDA DEL REY,MADRID,533,20.6,0.2,16.0,04:45,25.3,16:28,25.0,"5,8","11,7",14:20,68.0,91.0,03:40,52.0,16:30,"2,4",00:05
2024-06-30,3182Y,ARGANDA DEL REY,MADRID,533,22.8,0.0,16.4,23:58,29.1,17:15,24.0,"2,8","7,8",11:30,54.0,82.0,Varias,37.0,17:10,"0,0",
2024-07-01,3182Y,ARGANDA DEL REY,MADRID,533,24.2,0.0,14.1,04:29,34.3,17:11,1.0,"2,5","11,1",20:40,41.0,80.0,04:40,25.0,17:10,"0,0",
2024-07-02,3182Y,ARGANDA DEL REY,MADRID,533,25.0,0.0,14.9,04:42,35.2,17:09,1.0,"2,5","10,0",20:50,37.0,72.0,04:10,27.0,16:10,"0,0",
2024-07-03,3182Y,ARGANDA DEL REY,MADRID,533,25.4,0.0,14.1,05:14,36.8,17:09,19.0,"1,7","8,3",14:20,28.0,62.0,05:40,18.0,13:30,"0,0",
2024-07-04,3182Y,ARGANDA DEL REY,MADRID,533,28.0,0.0,16.4,04:59,39.5,17:05,99.0,"1,7","6,4",Varias,27.0,60.0,05:30,19.0,Varias,"0,0",
2024-07-05,3182Y,ARGANDA DEL REY,MADRID,533,30.4,0.0,21.2,05:11,39.5,16:12,21.0,"2,5","10,3",15:00,31.0,55.0,05:50,21.0,Varias,"0,0",
2024-07-06,3182Y,ARGANDA DEL REY,MADRID,533,28.0,0.0,20.8,23:58,35.1,17:05,24.0,"4,4","11,4",14:50,33.0,64.0,23:50,26.0,14:50,"0,0",
2024-07-07,3182Y,ARGANDA DEL REY,MADRID,533,25.0,0.0,17.0,04:46,33.1,15:53,28.0,"3,3","13,1",12:00,37.0,74.0,05:00,24.0,15:40,"0,0",
2024-07-08,3182Y,ARGANDA DEL REY,MADRID,533,25.0,0.0,14.4,05:14,35.6,17:08,20.0,"2,5","9,7",16:00,30.0,61.0,05:50,17.0,16:30,"0,0",
2024-07-09,3182Y,ARGANDA DEL REY,MADRID,533,25.7,0.0,16.4,03:37,35.0,17:05,25.0,"3,6","10,6",15:20,29.0,55.0,05:30,19.0,17:00,"0,0",
2024-07-10,3182Y,ARGANDA DEL REY,MADRID,533,27.4,0.0,18.3,04:32,36.6,17:12,23.0,"4,2","10,0",13:10,39.0,66.0,05:30,26.0,15:30,"0,0",
2024-07-11,3182Y,ARGANDA DEL REY,MADRID,533,28.1,0.0,18.8,05:15,37.4,15:04,25.0,"6,1","15,0",15:20,34.0,68.0,05:30,21.0,16:40,"0,0",
2024-07-12,3182Y,ARGANDA DEL REY,MADRID,533,26.8,0.0,18.1,05:32,35.5,17:05,3.0,"1,9","8,6",22:10,28.0,57.0,05:30,16.0,16:40,"0,0",
2024-07-13,3182Y,ARGANDA DEL REY,MADRID,533,26.0,0.0,16.0,05:18,35.9,17:05,26.0,"3,6","11,4",15:20,30.0,67.0,05:30,13.0,17:10,"0,0",
2024-07-14,3182Y,ARGANDA DEL REY,MADRID,533,25.6,0.0,16.6,05:10,34.6,17:06,25.0,"5,6","11,4",14:50,19.0,49.0,05:50,12.0,12:20,"0,0",
2024-07-15,3182Y,ARGANDA DEL REY,MADRID,533,24.6,0.0,17.0,04:24,32.2,14:42,25.0,"6,9","15,6",15:10,44.0,60.0,05:40,32.0,18:20,"0,0",
2024-07-16,3182Y,ARGANDA DEL REY,MADRID,533,24.6,0.0,14.2,05:20,35.1,17:05,22.0,"2,5","8,9",10:30,30.0,73.0,05:30,13.0,18:00,"0,0",
2024-07-17,3182Y,ARGANDA DEL REY,MADRID,533,26.0,0.0,13.5,04:53,38.4,17:08,21.0,"2,5","7,8",12:10,27.0,52.0,05:20,17.0,Varias,"0,0",
2024-07-18,3182Y,ARGANDA DEL REY,MADRID,533,28.0,0.0,19.5,03:38,36.5,12:26,18.0,"1,9","6,4",16:40,32.0,74.0,04:00,19.0,13:00,"0,0",
2024-07-19,3182Y,ARGANDA DEL REY,MADRID,533,28.7,0.0,17.8,05:23,39.6,15:18,25.0,"3,6","11,4",16:00,26.0,54.0,05:40,15.0,15:50,"0,0",
2024-07-20,3182Y,ARGANDA DEL REY,MADRID,533,27.0,0.0,17.0,05:32,37.0,14:15,23.0,"4,4","15,6",14:30,29.0,56.0,04:10,19.0,16:30,"0,0",
2024-07-21,3182Y,ARGANDA DEL REY,MADRID,533,27.6,0.0,19.5,04:18,35.6,17:02,2.0,"2,5","9,2",20:40,29.0,62.0,04:30,18.0,Varias,"0,0",
2024-07-22,3182Y,ARGANDA DEL REY,MADRID,533,27.1,0.0,16.0,05:28,38.2,16:02,25.0,"1,7","9,2",13:30,20.0,47.0,Varias,9.0,Varias,"0,0",
2024-07-23,3182Y,ARGANDA DEL REY,MADRID,533,29.5,0.0,18.1,05:06,40.9,17:03,16.0,"1,7","6,1",14:10,25.0,56.0,05:40,16.0,13:10,"0,0",
2024-07-24,3182Y,ARGANDA DEL REY,MADRID,533,32.0,0.0,21.9,04:58,42.1,17:03,24.0,"1,9","7,8",13:20,26.0,49.0,05:40,17.0,Varias,"0,0",
2024-07-25,3182Y,ARGANDA DEL REY,MADRID,533,32.4,0.0,22.4,05:30,42.5,14:56,23.0,"1,7","6,7",12:40,24.0,49.0,Varias,16.0,Varias,"0,0",
2024-07-26,3182Y,ARGANDA DEL REY,MADRID,533,31.6,0.0,23.2,05:23,39.9,17:00,12.0,"1,7","13,6",23:59,34.0,63.0,05:40,22.0,17:00,"0,0",
2024-07-27,3182Y,ARGANDA DEL REY,MADRID,533,31.4,0.0,23.0,05:12,39.7,16:57,14.0,"1,7","12,8",23:30,33.0,59.0,05:10,21.0,Varias,"0,0",
2024-07-28,3182Y,ARGANDA DEL REY,MADRID,533,32.1,0.0,23.8,05:16,40.4,15:45,12.0,"3,6","12,5",00:50,26.0,42.0,05:50,19.0,Varias,"0,0",
2024-07-29,3182Y,ARGANDA DEL REY,MADRID,533,30.4,0.0,22.4,05:03,38.4,15:37,15.0,"1,9","21,7",19:00,35.0,54.0,19:20,24.0,15:40,"0,0",
2024-07-30,3182Y,ARGANDA DEL REY,MADRID,533,31.8,0.0,23.1,05:10,40.6,15:50,23.0,"4,2","11,7",14:20,29.0,54.0,05:10,18.0,13:00,"0,0",
2024-07-31,3182Y,ARGANDA DEL REY,MADRID,533,29.2,0.0,19.6,05:44,38.9,15:15,22.0,"3,1","11,9",13:20,29.0,61.0,03:50,19.0,15:30,"0,0",
2024-08-01,3182Y,ARGANDA DEL REY,MADRID,533,28.6,0.0,17.8,05:23,39.3,15:20,23.0,"2,8","9,7",15:00,26.0,57.0,03:50,15.0,15:00,"0,0",
2024-08-02,3182Y,ARGANDA DEL REY,MADRID,533,27.9,0.0,19.7,06:01,36.1,16:59,2.0,"2,5","11,1",13:00,33.0,52.0,05:20,23.0,16:00,"0,0",
2024-08-03,3182Y,ARGANDA DEL REY,MADRID,533,29.6,0.0,20.7,05:33,38.4,16:53,16.0,"1,7","7,5",15:20,33.0,61.0,05:40,20.0,Varias,"0,0",
2024-08-04,3182Y,ARGANDA DEL REY,MADRID,533,30.2,0.0,21.3,05:23,39.2,16:57,26.0,"1,9","7,8",13:20,28.0,49.0,05:00,18.0,18:00,"0,0",
2024-08-05,3182Y,ARGANDA DEL REY,MADRID,533,30.4,0.0,21.0,04:17,39.8,15:43,22.0,"3,9","10,3",14:00,26.0,46.0,00:30,17.0,17:00,"0,0",
2024-08-06,3182Y,ARGANDA DEL REY,MADRID,533,29.3,0.0,18.7,05:44,39.9,15:42,24.0,"2,5","9,4",15:10,26.0,52.0,04:50,17.0,14:20,"0,0",
2024-08-07,3182Y,ARGANDA DEL REY,MADRID,533,29.4,0.0,19.1,04:49,39.6,14:55,23.0,"1,7","7,5",13:00,29.0,55.0,05:20,16.0,Varias,"0,0",
2024-08-08,3182Y,ARGANDA DEL REY,MADRID,533,30.9,0.0,21.9,05:01,39.9,15:49,27.0,"1,9","7,8",16:20,27.0,56.0,04:50,14.0,18:00,"0,0",
2024-08-09,3182Y,ARGANDA DEL REY,MADRID,533,32.2,0.0,23.1,05:41,41.3,15:49,13.0,"1,9","10,8",23:50,26.0,48.0,06:20,16.0,16:00,"0,0",
2024-08-10,3182Y,ARGANDA DEL REY,MADRID,533,32.4,0.0,24.8,05:39,40.1,15:18,12.0,"3,3","12,2",22:50,24.0,42.0,05:00,16.0,Varias,"0,0",
2024-08-11,3182Y,ARGANDA DEL REY,MADRID,533,32.2,0.0,24.6,04:55,39.9,15:53,12.0,"2,8","14,2",22:50,26.0,43.0,05:00,17.0,15:50,"0,0",
2024-08-12,3182Y,ARGANDA DEL REY,MADRID,533,30.6,0.0,23.1,05:38,38.0,13:51,23.0,"2,5","10,6",15:00,30.0,46.0,05:40,22.0,Varias,"0,0",
2024-08-13,3182Y,ARGANDA DEL REY,MADRID,533,26.8,0.0,21.0,05:45,32.7,14:48,28.0,"4,2","12,2",18:00,39.0,62.0,05:50,25.0,16:50,"0,0",
2024-08-14,3182Y,ARGANDA DEL REY,MADRID,533,26.1,0.0,18.7,05:34,33.5,16:10,1.0,"2,5","11,7",19:50,40.0,67.0,05:20,29.0,15:40,"0,0",
2024-08-15,3182Y,ARGANDA DEL REY,MADRID,533,24.2,0.0,15.1,05:36,33.2,16:32,4.0,"2,5","8,9",13:20,35.0,64.0,03:10,23.0,13:30,"0,0",
2024-08-16,3182Y,ARGANDA DEL REY,MADRID,533,27.0,0.0,17.1,05:30,36.8,15:45,99.0,"1,4","5,3",Varias,30.0,60.0,05:20,18.0,15:10,"0,0",
2024-08-17,3182Y,ARGANDA DEL REY,MADRID,533,26.9,0.0,16.0,04:43,37.8,16:48,22.0,"2,8","8,3",13:50,29.0,53.0,05:30,20.0,16:10,"0,0",
2024-08-18,3182Y,ARGANDA DEL REY,MADRID,533,28.5,0.0,20.0,02:49,37.0,16:55,99.0,"1,9","8,9",Varias,34.0,55.0,06:30,24.0,Varias,"0,0",
2024-08-19,3182Y,ARGANDA DEL REY,MADRID,533,28.4,0.0,19.8,05:40,37.1,17:05,99.0,"1,9","6,4",Varias,30.0,48.0,Varias,22.0,16:20,"0,0",
2024-08-20,3182Y,ARGANDA DEL REY,MADRID,533,28.2,0.0,17.9,06:00,38.5,15:39,1.0,"1,4","10,3",23:10,27.0,49.0,02:40,20.0,Varias,"0,0",
2024-08-21,3182Y,ARGANDA DEL REY,MADRID,533,29.8,0.0,21.2,05:29,38.3,16:09,99.0,"2,2","9,4",Varias,35.0,57.0,06:00,20.0,18:00,"0,0",
2024-08-22,3182Y,ARGANDA DEL REY,MADRID,533,30.2,0.0,22.5,23:57,37.9,15:38,24.0,"2,5","9,2",16:20,37.0,62.0,Varias,22.0,16:50,"0,0",
2024-08-23,3182Y,ARGANDA DEL REY,MADRID,533,27.9,0.0,17.4,03:56,38.4,15:23,13.0,"3,9","16,7",17:30,36.0,51.0,05:50,20.0,16:50,"0,0",
2024-08-24,3182Y,ARGANDA DEL REY,MADRID,533,29.2,0.0,21.6,05:40,36.7,14:58,25.0,"2,8","9,7",14:40,37.0,66.0,05:50,24.0,Varias,"0,0",
2024-08-25,3182Y,ARGANDA DEL REY,MADRID,533,28.5,0.0,20.3,06:43,36.7,15:54,12.0,"2,8","14,4",20:00,38.0,65.0,Varias,23.0,17:00,"0,0",
2024-08-26,3182Y,ARGANDA DEL REY,MADRID,533,28.5,0.0,21.6,22:42,35.4,15:26,99.0,"1,9","6,4",Varias,40.0,64.0,03:10,24.0,18:00,"0,0",
2024-08-27,3182Y,ARGANDA DEL REY,MADRID,533,28.2,0.0,19.8,04:28,36.7,15:40,23.0,"3,3","9,2",15:50,37.0,77.0,05:10,19.0,16:30,"0,0",
2024-08-28,3182Y,ARGANDA DEL REY,MADRID,533,27.9,17.8,18.1,06:12,37.7,15:50,13.0,"2,5","10,0",22:30,36.0,63.0,04:40,24.0,17:40,"0,0",
2024-08-29,3182Y,ARGANDA DEL REY,MADRID,533,24.1,1.4,19.6,05:33,28.6,12:22,14.0,"2,5","12,8",04:20,69.0,91.0,06:00,47.0,00:00,"21,6",04:25
2024-08-30,3182Y,ARGANDA DEL REY,MADRID,533,27.0,0.0,20.7,23:59,33.2,15:01,1.0,"1,1","10,3",21:00,61.0,82.0,Varias,40.0,15:00,"1,2",06:15
2024-08-31,3182Y,ARGANDA DEL REY,MADRID,533,25.0,4.8,18.9,06:45,31.0,15:26,24.0,"1,7","10,8",16:50,72.0,87.0,23:59,45.0,15:30,"12,0",16:55
2024-09-01,3182Y,ARGANDA DEL REY,MADRID,533,25.8,0.2,20.3,02:11,31.4,16:27,22.0,"1,4","8,1",16:20,59.0,88.0,Varias,36.0,17:00,"0,0",
2024-09-02,3182Y,ARGANDA DEL REY,MADRID,533,26.2,0.0,19.5,05:06,33.0,Varias,24.0,"2,8","8,9",15:20,50.0,86.0,05:40,29.0,15:30,"1,2",03:55
2024-09-03,3182Y,ARGANDA DEL REY,MADRID,533,26.2,0.0,19.9,06:00,32.4,16:18,25.0,"2,8","10,0",15:40,50.0,82.0,06:00,32.0,Varias,"0,0",
2024-09-04,3182Y,ARGANDA DEL REY,MADRID,533,23.0,0.0,17.6,23:59,28.5,14:47,2.0,"3,1","9,2",07:10,52.0,76.0,Varias,38.0,16:00,"0,0",
2024-09-05,3182Y,ARGANDA DEL REY,MADRID,533,21.4,0.0,14.2,05:22,28.5,14:55,24.0,"1,9","8,3",14:50,47.0,75.0,05:30,31.0,15:40,"0,0",
2024-09-06,3182Y,ARGANDA DEL REY,MADRID,533,21.2,0.0,14.7,23:44,27.8,14:22,24.0,"4,4","10,3",14:20,37.0,72.0,03:50,27.0,18:00,"0,0",
2024-09-07,3182Y,ARGANDA DEL REY,MADRID,533,18.6,0.0,9.7,Varias,27.5,15:38,21.0,"2,8","10,0",11:40,36.0,72.0,06:10,20.0,15:30,"0,0",
2024-09-08,3182Y,ARGANDA DEL REY,MADRID,533,20.0,0.0,11.3,05:33,28.7,15:51,24.0,"3,6","11,9",12:50,42.0,78.0,06:30,28.0,18:00,"0,0",
2024-09-09,3182Y,ARGANDA DEL REY,MADRID,533,21.8,0.0,12.4,01:42,31.1,16:24,31.0,"1,1","6,1",12:20,38.0,72.0,Varias,23.0,16:30,"0,0",
2024-09-10,3182Y,ARGANDA DEL REY,MADRID,533,24.1,0.0,15.6,00:16,32.6,17:07,23.0,"1,7","6,1",13:40,39.0,74.0,06:00,20.0,17:10,"0,0",
2024-09-11,3182Y,ARGANDA DEL REY,MADRID,533,22.8,0.0,13.3,05:57,32.4,16:04,35.0,"2,5","8,9",17:20,39.0,71.0,06:10,18.0,16:50,"0,0",
2024-09-12,3182Y,ARGANDA DEL REY,MADRID,533,22.3,0.0,14.1,06:07,30.5,14:38,4.0,"1,9","9,7",21:30,42.0,71.0,06:20,26.0,Varias,"0,0",
2024-09-13,3182Y,ARGANDA DEL REY,MADRID,533,19.2,0.0,13.0,06:06,25.3,15:38,4.0,"3,3","10,0",11:40,37.0,63.0,Varias,26.0,15:20,"0,0",
2024-09-14,3182Y,ARGANDA DEL REY,MADRID,533,20.8,0.0,11.8,05:36,29.8,15:07,3.0,"1,1","6,4",04:00,40.0,60.0,05:50,28.0,16:50,"0,0",
2024-09-15,3182Y,ARGANDA DEL REY,MADRID,533,21.7,0.0,10.5,05:15,32.9,17:27,2.0,"1,1","6,1",22:30,31.0,69.0,05:20,16.0,Varias,"0,0",
2024-09-16,3182Y,ARGANDA DEL REY,MADRID,533,20.3,0.0,9.1,06:10,31.5,15:43,1.0,"2,2","12,8",22:10,25.0,46.0,06:40,15.0,Varias,"0,0",
2024-09-17,3182Y,ARGANDA DEL REY,MADRID,533,22.2,0.0,14.6,05:53,29.8,16:15,3.0,"2,8","9,2",07:30,32.0,54.0,06:00,21.0,Varias,"0,0",
2024-09-18,3182Y,ARGANDA DEL REY,MADRID,533,21.8,0.0,14.4,06:21,29.1,15:27,11.0,"2,8","13,1",21:10,53.0,71.0,23:50,34.0,17:20,"0,0",
2024-09-19,3182Y,ARGANDA DEL REY,MADRID,533,20.2,16.6,15.1,05:29,25.3,14:54,4.0,"2,5","9,4",15:40,74.0,90.0,Varias,49.0,15:10,"22,8",17:00
2024-09-20,3182Y,ARGANDA DEL REY,MADRID,533,18.9,1.2,14.5,Varias,23.3,14:27,7.0,"0,8","4,7",23:50,76.0,92.0,Varias,59.0,14:40,"1,2",06:05
2024-09-21,3182Y,ARGANDA DEL REY,MADRID,533,20.4,0.2,16.8,23:38,23.9,15:34,24.0,"2,5","8,6",11:10,73.0,91.0,Varias,54.0,16:10,"1,2",Varias
2024-09-22,3182Y,ARGANDA DEL REY,MADRID,533,19.1,0.0,12.9,05:52,25.3,14:18,26.0,"1,9","9,4",17:00,63.0,92.0,06:40,40.0,15:00,"0,0",
2024-09-23,3182Y,ARGANDA DEL REY,MADRID,533,18.2,0.0,11.3,05:23,25.2,15:38,28.0,"1,9","7,8",14:20,57.0,89.0,Varias,34.0,15:50,"0,0",
2024-09-24,3182Y,ARGANDA DEL REY,MADRID,533,16.4,0.0,10.5,04:48,22.4,12:58,20.0,"3,6","8,9",15:30,56.0,87.0,05:10,35.0,14:30,"0,0",
2024-09-25,3182Y,ARGANDA DEL REY,MADRID,533,20.6,0.0,16.1,02:15,25.2,15:26,24.0,"4,7","12,2",16:50,67.0,87.0,23:30,58.0,15:20,"0,0",
2024-09-26,3182Y,ARGANDA DEL REY,MADRID,533,20.0,0.0,16.3,23:58,23.7,11:27,24.0,"7,8","15,6",09:00,72.0,87.0,05:20,52.0,11:30,"0,0",
2024-09-27,3182Y,ARGANDA DEL REY,MADRID,533,18.2,0.0,12.9,23:59,23.4,14:00,36.0,"3,9","11,9",16:20,50.0,88.0,05:30,33.0,14:00,"0,0",
2024-09-28,3182Y,ARGANDA DEL REY,MADRID,533,15.6,0.0,7.6,06:14,23.5,14:34,99.0,"1,7","6,9",10:50,44.0,78.0,06:20,26.0,14:40,"0,0",
2024-09-29,3182Y,ARGANDA DEL REY,MADRID,533,16.6,0.0,6.8,06:15,26.5,15:15,27.0,"1,1","4,4",12:50,46.0,80.0,06:50,22.0,15:30,"0,0",
2024-09-30,3182Y,ARGANDA DEL REY,MADRID,533,19.5,0.0,8.6,03:56,30.4,15:49,25.0,"1,1","4,2",13:10,43.0,76.0,04:10,20.0,15:40,"0,0",
2024-10-01,3182Y,ARGANDA DEL REY,MADRID,533,19.0,0.0,8.6,05:43,29.5,15:26,26.0,"1,4","6,4",16:00,44.0,80.0,06:20,26.0,Varias,"0,0",
2024-10-02,3182Y,ARGANDA DEL REY,MADRID,533,20.4,0.2,14.8,04:03,26.1,13:16,24.0,"3,3","12,5",15:40,66.0,77.0,21:30,48.0,13:30,"0,0",
2024-10-03,3182Y,ARGANDA DEL REY,MADRID,533,20.0,0.0,12.6,23:50,27.3,14:45,26.0,"1,9","9,7",14:20,56.0,91.0,07:10,29.0,15:10,"1,2",02:55
2024-10-04,3182Y,ARGANDA DEL REY,MADRID,533,18.6,0.0,10.5,06:15,26.8,16:14,20.0,"0,8","4,7",13:10,53.0,75.0,06:20,38.0,16:00,"0,0",
2024-10-05,3182Y,ARGANDA DEL REY,MADRID,533,18.6,0.0,9.9,05:35,27.2,14:27,24.0,"3,3","10,0",15:50,63.0,85.0,06:00,43.0,14:40,"0,0",
2024-10-06,3182Y,ARGANDA DEL REY,MADRID,533,20.4,0.0,15.9,22:10,25.0,15:42,23.0,"3,9","11,1",11:20,63.0,79.0,Varias,48.0,15:40,"0,0",
2024-10-07,3182Y,ARGANDA DEL REY,MADRID,533,19.4,8.4,13.7,06:35,25.0,12:36,23.0,"3,9","18,1",13:00,71.0,93.0,22:10,40.0,12:50,"16,8",15:05
2024-10-08,3182Y,ARGANDA DEL REY,MADRID,533,15.8,0.4,12.8,05:12,18.7,15:09,22.0,"3,6","12,2",10:50,82.0,93.0,03:10,68.0,15:20,"1,2",Varias
2024-10-09,3182Y,ARGANDA DEL REY,MADRID,533,17.6,4.4,14.0,23:58,21.3,15:06,24.0,"7,2","17,5",17:10,82.0,90.0,16:10,70.0,10:50,"6,0",15:45
2024-10-10,3182Y,ARGANDA DEL REY,MADRID,533,15.2,0.2,9.4,06:31,21.1,14:34,27.0,"1,7","6,9",02:40,65.0,88.0,Varias,42.0,14:50,"1,2",10:25
2024-10-11,3182Y,ARGANDA DEL REY,MADRID,533,13.6,15.0,6.6,05:17,20.6,13:04,19.0,"1,9","7,8",14:40,66.0,93.0,07:10,50.0,12:30,"1,2",21:45
2024-10-12,3182Y,ARGANDA DEL REY,MADRID,533,15.6,4.8,13.0,23:52,18.2,15:22,14.0,"1,7","8,1",07:50,91.0,94.0,Varias,83.0,15:40,"19,2",04:35
2024-10-13,3182Y,ARGANDA DEL REY,MADRID,533,18.1,0.0,12.1,06:29,24.1,16:23,2.0,"0,0","3,6",03:00,78.0,95.0,Varias,60.0,16:30,"1,2",04:15
2024-10-14,3182Y,ARGANDA DEL REY,MADRID,533,18.2,0.0,13.1,04:07,23.2,16:14,11.0,"0,8","9,4",22:40,80.0,94.0,Varias,68.0,16:20,"0,0",
2024-10-15,3182Y,ARGANDA DEL REY,MADRID,533,19.6,9.2,16.4,Varias,22.7,10:03,11.0,"4,2","12,2",02:50,83.0,91.0,11:50,65.0,10:00,"12,0",11:25
2024-10-16,3182Y,ARGANDA DEL REY,MADRID,533,18.4,8.4,14.2,23:57,22.7,15:21,16.0,"5,0","10,8",04:30,79.0,93.0,08:50,66.0,Varias,"7,2",07:55
2024-10-17,3182Y,ARGANDA DEL REY,MADRID,533,15.0,1.6,11.3,23:23,18.6,14:35,28.0,"5,6","12,5",13:50,71.0,95.0,08:00,46.0,15:40,"3,6",07:05
2024-10-18,3182Y,ARGANDA DEL REY,MADRID,533,13.2,0.0,6.5,06:33,20.0,15:23,22.0,"1,4","7,5",16:50,69.0,90.0,07:00,42.0,Varias,"0,0",
2024-10-19,3182Y,ARGANDA DEL REY,MADRID,533,16.6,0.0,11.1,06:56,22.2,14:42,23.0,"1,9","7,5",14:40,75.0,94.0,08:00,53.0,15:20,"0,0",
2024-10-20,3182Y,ARGANDA DEL REY,MADRID,533,16.9,0.0,10.2,06:26,23.6,15:47,24.0,"0,8","3,3",16:40,76.0,95.0,07:10,56.0,15:50,"0,0",
2024-10-21,3182Y,ARGANDA DEL REY,MADRID,533,17.4,0.0,10.1,04:56,24.6,14:27,24.0,"0,6","3,3",11:40,74.0,95.0,07:00,39.0,16:20,"0,0",
2024-10-22,3182Y,ARGANDA DEL REY,MADRID,533,17.2,0.0,10.2,05:05,24.2,14:49,5.0,"0,6","4,4",09:50,72.0,92.0,07:10,52.0,15:50,"0,0",
2024-10-23,3182Y,ARGANDA DEL REY,MADRID,533,16.9,0.0,11.3,02:53,22.5,15:42,12.0,"1,4","7,2",15:00,72.0,91.0,Varias,54.0,15:50,"0,0",
2024-10-24,3182Y,ARGANDA DEL REY,MADRID,533,18.4,0.0,13.6,06:34,23.1,15:59,10.0,"0,6","6,1",03:20,74.0,88.0,23:10,55.0,16:00,"0,0",
2024-10-25,3182Y,ARGANDA DEL REY,MADRID,533,13.2,0.0,7.9,23:58,18.4,12:50,26.0,"2,8","8,3",14:10,76.0,92.0,07:30,63.0,Varias,"0,0",
2024-10-26,3182Y,ARGANDA DEL REY,MADRID,533,10.0,0.2,5.5,06:20,14.4,11:49,24.0,"3,6","8,9",12:40,66.0,89.0,23:30,48.0,11:50,"1,2",22:35
2024-10-27,3182Y,ARGANDA DEL REY,MADRID,533,10.0,1.2,5.3,06:44,14.8,13:36,4.0,"2,5","9,7",14:40,71.0,94.0,07:00,53.0,13:40,"1,2",Varias
2024-10-28,3182Y,ARGANDA DEL REY,MADRID,533,14.1,0.2,7.6,06:55,20.6,13:51,12.0,"2,5","8,3",12:00,71.0,93.0,07:10,51.0,14:20,"1,2",09:25
2024-10-29,3182Y,ARGANDA DEL REY,MADRID,533,13.4,20.6,9.9,21:42,16.8,15:49,20.0,"3,3","21,9",21:20,79.0,94.0,Varias,72.0,15:50,"14,4",21:15
2024-10-30,3182Y,ARGANDA DEL REY,MADRID,533,15.4,0.0,10.0,00:26,20.8,13:59,1.0,"2,8","12,2",00:30,68.0,94.0,Varias,52.0,12:20,"1,2",Varias
2024-10-31,3182Y,ARGANDA DEL REY,MADRID,533,15.8,1.4,8.9,06:48,22.8,15:01,14.0,"1,7","6,1",11:20,73.0,93.0,07:50,50.0,14:50,"0,0",
2024-11-01,3182Y,ARGANDA DEL REY,MADRID,533,16.8,0.2,13.2,05:26,20.4,13:42,21.0,"1,4","5,8",00:10,80.0,93.0,05:30,62.0,15:10,"2,4",02:30
2024-11-02,3182Y,ARGANDA DEL REY,MADRID,533,15.2,0.0,11.1,23:05,19.3,14:42,3.0,"1,1","5,0",16:00,81.0,94.0,07:50,64.0,14:40,"0,0",
2024-11-03,3182Y,ARGANDA DEL REY,MADRID,533,15.1,0.0,9.2,07:02,21.0,14:37,16.0,"1,9","8,6",14:40,74.0,96.0,07:50,53.0,14:00,"0,0",
2024-11-04,3182Y,ARGANDA DEL REY,MADRID,533,13.8,0.0,8.4,05:04,19.3,14:28,12.0,"0,6","4,7",10:00,80.0,94.0,Varias,66.0,15:00,"0,0",
2024-11-05,3182Y,ARGANDA DEL REY,MADRID,533,15.0,0.0,9.5,04:38,20.6,14:55,22.0,"0,8","3,9",13:30,79.0,97.0,08:00,62.0,15:00,"0,0",
2024-11-06,3182Y,ARGANDA DEL REY,MADRID,533,15.4,0.0,8.3,06:31,22.4,14:50,5.0,"0,6","4,2",14:00,74.0,96.0,Varias,53.0,15:10,"0,0",
2024-11-07,3182Y,ARGANDA DEL REY,MADRID,533,14.6,0.0,7.8,05:53,21.4,14:48,99.0,"0,6","3,9",Varias,76.0,95.0,Varias,57.0,14:50,"0,0",
2024-11-08,3182Y,ARGANDA DEL REY,MADRID,533,13.4,0.0,7.8,03:16,18.9,15:40,1.0,"0,8","3,9",16:00,84.0,95.0,Varias,69.0,15:50,"0,0",
2024-11-09,3182Y,ARGANDA DEL REY,MADRID,533,13.4,0.0,6.8,23:35,20.0,15:15,6.0,"0,6","2,8",13:00,84.0,97.0,Varias,59.0,15:00,"0,0",
2024-11-10,3182Y,ARGANDA DEL REY,MADRID,533,11.2,0.0,4.4,04:16,18.1,15:44,8.0,"0,6","3,6",08:50,79.0,97.0,07:50,61.0,12:20,"0,0",
2024-11-11,3182Y,ARGANDA DEL REY,MADRID,533,11.6,0.0,5.0,07:04,18.3,14:25,4.0,"1,7","10,0",11:40,69.0,98.0,08:00,47.0,15:10,"0,0",
2024-11-12,3182Y,ARGANDA DEL REY,MADRID,533,10.4,0.0,4.4,06:42,16.3,14:13,99.0,"2,8","11,4",16:50,62.0,88.0,07:30,47.0,13:00,"0,0",
2024-11-13,3182Y,ARGANDA DEL REY,MADRID,533,8.0,0.0,4.6,00:09,11.3,22:50,2.0,"2,5","9,2",14:30,75.0,82.0,13:00,62.0,10:20,"0,0",
2024-11-14,3182Y,ARGANDA DEL REY,MADRID,533,12.3,0.0,6.6,07:17,18.0,13:41,10.0,"1,7","7,2",14:30,76.0,93.0,08:30,63.0,14:10,"0,0",
2024-11-15,3182Y,ARGANDA DEL REY,MADRID,533,13.6,0.0,9.3,23:03,17.9,12:59,14.0,"2,8","9,2",12:00,72.0,87.0,23:10,62.0,13:00,"0,0",
2024-11-16,3182Y,ARGANDA DEL REY,MADRID,533,11.7,0.0,7.0,23:48,16.4,15:34,4.0,"1,4","5,8",14:30,78.0,91.0,23:30,67.0,15:50,"0,0",
2024-11-17,3182Y,ARGANDA DEL REY,MADRID,533,13.3,0.0,5.2,06:20,21.4,15:58,7.0,"0,8","3,3",09:40,76.0,95.0,Varias,51.0,15:40,"0,0",
2024-11-18,3182Y,ARGANDA DEL REY,MADRID,533,14.4,0.0,7.5,23:56,21.2,14:58,23.0,"0,8","3,9",15:00,72.0,93.0,08:10,52.0,15:00,"0,0",
2024-11-19,3182Y,ARGANDA DEL REY,MADRID,533,10.7,0.0,4.2,05:37,17.2,15:24,23.0,"1,4","6,7",19:20,89.0,96.0,08:50,71.0,15:40,"0,0",
2024-11-20,3182Y,ARGANDA DEL REY,MADRID,533,13.5,0.0,8.2,06:58,18.8,14:55,24.0,"2,2","7,8",11:00,73.0,95.0,Varias,49.0,14:30,"0,0",
2024-11-21,3182Y,ARGANDA DEL REY,MADRID,533,10.6,0.0,6.5,04:36,14.7,15:09,22.0,"6,4","13,9",13:10,83.0,95.0,05:40,70.0,15:10,"0,0",
2024-11-22,3182Y,ARGANDA DEL REY,MADRID,533,13.3,0.0,9.5,21:02,17.1,14:25,25.0,"2,5","11,1",04:20,74.0,90.0,Varias,53.0,13:30,"0,0",
2024-11-23,3182Y,ARGANDA DEL REY,MADRID,533,12.2,0.0,7.3,23:39,17.2,14:38,7.0,"0,3","3,6",07:30,83.0,94.0,23:50,71.0,14:40,"0,0",
2024-11-24,3182Y,ARGANDA DEL REY,MADRID,533,12.8,0.0,7.4,00:01,18.1,12:50,15.0,"2,8","10,8",22:10,71.0,96.0,00:40,58.0,14:00,"0,0",
2024-11-25,3182Y,ARGANDA DEL REY,MADRID,533,11.0,0.4,3.7,23:38,18.3,02:40,23.0,"4,2","15,0",10:50,68.0,91.0,23:59,49.0,02:40,"1,2",Varias
2024-11-26,3182Y,ARGANDA DEL REY,MADRID,533,7.8,0.0,1.8,06:09,13.9,14:24,36.0,"0,3","3,1",15:20,81.0,95.0,Varias,61.0,14:30,"0,0",
2024-11-27,3182Y,ARGANDA DEL REY,MADRID,533,8.5,0.0,0.6,05:52,16.4,16:02,99.0,"0,6","2,5",Varias,72.0,97.0,08:10,46.0,14:50,"0,0",
2024-11-28,3182Y,ARGANDA DEL REY,MADRID,533,8.4,0.0,-0.3,06:17,17.2,14:57,24.0,"0,8","3,6",15:20,76.0,96.0,08:10,56.0,14:40,"0,0",
2024-11-29,3182Y,ARGANDA DEL REY,MADRID,533,10.1,0.0,2.3,04:43,17.9,14:12,8.0,"0,3","4,4",09:00,78.0,95.0,06:20,59.0,14:30,"0,0",
2024-11-30,3182Y,ARGANDA DEL REY,MADRID,533,10.7,0.0,3.0,06:51,18.4,14:57,23.0,"0,8","3,6",Varias,78.0,96.0,Varias,58.0,14:20,"0,0",
2024-12-01,3182Y,ARGANDA DEL REY,MADRID,533,10.0,0.0,3.0,05:36,17.1,14:28,26.0,"0,8","6,7",10:20,81.0,97.0,08:40,66.0,15:10,"0,0",
2024-12-02,3182Y,ARGANDA DEL REY,MADRID,533,11.1,0.0,5.8,07:28,16.4,15:41,36.0,"1,1","7,2",10:30,87.0,97.0,07:50,69.0,14:00,"0,0",
2024-12-03,3182Y,ARGANDA DEL REY,MADRID,533,9.1,0.2,2.3,07:27,15.9,14:17,24.0,"1,4","6,7",17:00,83.0,99.0,08:30,69.0,14:20,"1,2",19:35
2024-12-04,3182Y,ARGANDA DEL REY,MADRID,533,9.0,0.0,2.4,23:58,15.7,13:22,2.0,"1,4","10,0",10:20,69.0,97.0,08:40,44.0,14:30,"0,0",
2024-12-05,3182Y,ARGANDA DEL REY,MADRID,533,8.8,0.0,2.2,00:05,15.4,14:56,9.0,"0,8","4,7",01:50,70.0,92.0,08:30,51.0,14:40,"0,0",
2024-12-06,3182Y,ARGANDA DEL REY,MADRID,533,10.1,0.0,2.9,05:38,17.3,14:49,22.0,"0,3","4,2",11:40,78.0,96.0,08:40,59.0,14:50,"0,0",
2024-12-07,3182Y,ARGANDA DEL REY,MADRID,533,10.6,0.0,2.6,02:22,18.7,14:23,31.0,"2,5","13,6",13:30,62.0,98.0,10:30,35.0,16:50,"0,0",
2024-12-08,3182Y,ARGANDA DEL REY,MADRID,533,6.0,0.0,-0.6,23:50,12.7,13:30,2.0,"3,6","13,1",13:00,56.0,87.0,07:40,38.0,14:30,"0,0",
2024-12-09,3182Y,ARGANDA DEL REY,MADRID,533,4.5,0.4,-2.4,02:39,11.4,13:20,33.0,"2,5","10,0",15:00,61.0,90.0,05:40,45.0,14:10,"1,2",Varias
2024-12-10,3182Y,ARGANDA DEL REY,MADRID,533,4.8,0.0,-2.6,06:59,12.2,14:06,1.0,"1,9","9,2",00:20,62.0,92.0,08:10,44.0,14:10,"0,0",
2024-12-11,3182Y,ARGANDA DEL REY,MADRID,533,6.9,0.0,2.9,24:00,10.9,11:53,10.0,"1,4","5,6",12:20,55.0,82.0,23:30,45.0,12:00,"0,0",
2024-12-12,3182Y,ARGANDA DEL REY,MADRID,533,5.3,0.2,-1.0,05:24,11.6,13:02,36.0,"0,8","5,0",11:30,70.0,92.0,07:40,53.0,13:20,"0,0",
2024-12-13,3182Y,ARGANDA DEL REY,MADRID,533,5.0,0.4,0.3,23:53,9.7,14:27,20.0,"0,8","3,6",14:00,83.0,92.0,Varias,74.0,16:00,"1,2",Varias
2024-12-14,3182Y,ARGANDA DEL REY,MADRID,533,3.8,0.2,-2.7,07:38,10.4,15:39,7.0,"0,8","3,1",12:40,88.0,96.0,Varias,69.0,15:30,"1,2",10:35
2024-12-15,3182Y,ARGANDA DEL REY,MADRID,533,3.6,0.0,-5.3,07:26,12.6,15:19,99.0,"0,8","3,6",Varias,87.0,98.0,Varias,52.0,15:10,"0,0",
2024-12-16,3182Y,ARGANDA DEL REY,MADRID,533,5.6,0.2,-1.9,07:27,13.2,14:44,36.0,"1,4","5,6",11:40,69.0,95.0,08:30,48.0,Varias,"1,2",08:45
2024-12-17,3182Y,ARGANDA DEL REY,MADRID,533,4.8,0.0,-3.0,07:36,12.6,15:26,6.0,"1,1","3,3",Varias,75.0,92.0,08:00,55.0,Varias,"0,0",
2024-12-18,3182Y,ARGANDA DEL REY,MADRID,533,6.0,0.0,-1.4,06:44,13.5,14:27,25.0,"0,6","4,4",14:30,73.0,95.0,08:40,53.0,15:00,"0,0",
2024-12-19,3182Y,ARGANDA DEL REY,MADRID,533,9.2,0.8,2.5,01:00,16.0,15:27,24.0,"3,6","9,4",11:30,81.0,91.0,05:10,66.0,14:50,"4,8",16:05
2024-12-20,3182Y,ARGANDA DEL REY,MADRID,533,4.7,0.0,-2.9,07:27,12.3,13:49,3.0,"2,2","7,5",13:20,69.0,95.0,09:30,47.0,13:50,"0,0",
2024-12-21,3182Y,ARGANDA DEL REY,MADRID,533,4.6,0.0,-4.0,07:29,13.3,15:43,34.0,"1,1","3,6",12:50,68.0,94.0,08:00,45.0,Varias,"0,0",
2024-12-22,3182Y,ARGANDA DEL REY,MADRID,533,5.2,0.0,-3.3,07:17,13.7,15:41,21.0,"1,4","4,7",12:30,72.0,95.0,09:00,53.0,14:30,"0,0",
2024-12-23,3182Y,ARGANDA DEL REY,MADRID,533,5.6,0.0,-1.4,02:36,12.5,14:45,34.0,"3,9","12,8",12:40,60.0,96.0,04:50,43.0,13:00,"0,0",
2024-12-24,3182Y,ARGANDA DEL REY,MADRID,533,7.0,0.0,-3.0,06:17,16.9,15:16,36.0,"0,8","5,6",14:50,68.0,92.0,08:30,49.0,14:40,"0,0",
2024-12-25,3182Y,ARGANDA DEL REY,MADRID,533,8.4,0.0,-1.0,05:46,17.8,16:19,99.0,"1,1","3,6",06:40,72.0,95.0,08:00,50.0,16:30,"0,0",
2024-12-26,3182Y,ARGANDA DEL REY,MADRID,533,6.8,0.0,-0.7,05:46,14.3,15:11,21.0,"1,4","4,2",13:20,78.0,95.0,Varias,62.0,Varias,"0,0",
2024-12-27,3182Y,ARGANDA DEL REY,MADRID,533,7.2,0.0,0.0,02:06,14.3,15:16,1.0,"1,4","5,0",16:30,74.0,95.0,Varias,55.0,13:50,"0,0",
2024-12-28,3182Y,ARGANDA DEL REY,MADRID,533,5.4,0.0,-1.8,04:41,12.6,16:23,9.0,"1,1","3,1",10:00,76.0,95.0,Varias,58.0,16:20,"0,0",
2024-12-29,3182Y,ARGANDA DEL REY,MADRID,533,5.3,0.0,-3.5,07:46,14.1,15:46,7.0,"0,8","3,3",10:30,72.0,97.0,08:40,52.0,16:00,"0,0",
2024-12-30,3182Y,ARGANDA DEL REY,MADRID,533,4.5,0.0,-2.3,08:08,11.3,14:27,24.0,"1,4","5,0",13:20,77.0,94.0,08:30,61.0,14:30,"0,0",
2024-12-31,3182Y,ARGANDA DEL REY,MADRID,533,5.2,0.0,-3.9,06:13,14.2,15:00,99.0,"0,8","3,1",Varias,74.0,94.0,Varias,50.0,15:10,"0,0",
2025-01-01,3182Y,ARGANDA DEL REY,MADRID,533,4.9,0.0,-2.5,07:52,12.3,13:12,7.0,"1,1","3,9",09:50,73.0,92.0,08:10,56.0,16:40,"0,0",
2025-01-02,3182Y,ARGANDA DEL REY,MADRID,533,3.9,0.0,-4.2,05:17,12.0,14:08,21.0,"1,1","4,7",15:00,76.0,95.0,08:40,59.0,16:00,"0,0",
2025-01-03,3182Y,ARGANDA DEL REY,MADRID,533,2.8,0.0,-3.6,06:08,9.3,Varias,23.0,"0,3","4,2",11:40,82.0,96.0,08:50,71.0,15:40,"0,0",
2025-01-04,3182Y,ARGANDA DEL REY,MADRID,533,4.7,0.0,0.5,01:15,8.9,15:16,28.0,"0,6","2,8",14:50,89.0,96.0,Varias,79.0,15:30,"0,0",
2025-01-05,3182Y,ARGANDA DEL REY,MADRID,533,7.2,0.8,2.2,00:01,12.3,12:28,20.0,"4,2","10,8",17:40,78.0,94.0,Varias,67.0,19:10,"1,2",Varias
2025-01-06,3182Y,ARGANDA DEL REY,MADRID,533,8.4,0.4,4.3,22:02,12.5,15:17,30.0,"3,9","12,5",15:40,69.0,90.0,Varias,52.0,Varias,"1,2",Varias
2025-01-07,3182Y,ARGANDA DEL REY,MADRID,533,5.2,0.0,0.7,07:42,9.8,15:45,20.0,"3,6","10,3",14:10,77.0,94.0,09:00,69.0,12:30,"1,2",01:25
2025-01-08,3182Y,ARGANDA DEL REY,MADRID,533,9.4,0.4,5.7,07:58,13.0,14:01,23.0,"3,9","8,1",12:50,77.0,95.0,Varias,62.0,14:00,"1,2",Varias
2025-01-09,3182Y,ARGANDA DEL REY,MADRID,533,10.4,0.0,6.1,23:37,14.8,15:07,24.0,"4,4","10,8",10:30,84.0,94.0,Varias,72.0,15:10,"0,0",
2025-01-10,3182Y,ARGANDA DEL REY,MADRID,533,9.4,0.0,3.6,02:00,15.1,15:59,22.0,"1,9","6,7",21:50,86.0,97.0,Varias,67.0,16:10,"0,0",
2025-01-11,3182Y,ARGANDA DEL REY,MADRID,533,11.9,0.0,4.3,24:00,19.5,13:35,26.0,"2,5","7,5",10:00,74.0,95.0,08:20,47.0,15:10,"0,0",
2025-01-12,3182Y,ARGANDA DEL REY,MADRID,533,7.6,0.0,-1.4,06:59,16.5,14:29,36.0,"2,8","11,7",17:30,60.0,95.0,09:30,35.0,15:20,"0,0",
2025-01-13,3182Y,ARGANDA DEL REY,MADRID,533,3.2,0.0,-7.3,06:12,13.8,15:06,1.0,"1,1","6,1",16:10,48.0,91.0,08:20,18.0,16:00,"0,0",
2025-01-14,3182Y,ARGANDA DEL REY,MADRID,533,4.2,0.0,-5.3,04:36,13.6,16:33,34.0,"1,1","4,2",13:10,37.0,65.0,00:40,21.0,Varias,"0,0",
2025-01-15,3182Y,ARGANDA DEL REY,MADRID,533,2.4,0.0,-8.5,05:20,13.3,16:19,22.0,"0,8","2,8",13:50,51.0,84.0,07:10,28.0,16:20,"0,0",
2025-01-16,3182Y,ARGANDA DEL REY,MADRID,533,5.1,0.0,-5.0,03:08,15.2,14:27,8.0,"2,5","8,9",12:50,54.0,84.0,08:20,32.0,13:00,"0,0",
2025-01-17,3182Y,ARGANDA DEL REY,MADRID,533,6.7,0.0,0.0,22:56,13.4,14:20,3.0,"2,2","9,4",09:40,57.0,80.0,23:10,43.0,14:30,"0,0",
2025-01-18,3182Y,ARGANDA DEL REY,MADRID,533,4.0,0.0,-5.1,07:54,13.1,15:50,23.0,"1,7","5,3",13:00,65.0,91.0,08:20,41.0,15:50,"0,0",
2025-01-19,3182Y,ARGANDA DEL REY,MADRID,533,2.7,0.4,-6.3,06:40,11.7,14:27,24.0,"0,8","5,8",13:30,70.0,92.0,08:30,51.0,14:30,"0,0",
2025-01-20,3182Y,ARGANDA DEL REY,MADRID,533,4.9,5.8,1.3,00:01,8.5,15:18,7.0,"0,3","2,2",08:30,93.0,95.0,Varias,79.0,01:10,"2,4",09:35
2025-01-21,3182Y,ARGANDA DEL REY,MADRID,533,10.0,3.2,6.9,04:23,13.1,14:24,16.0,"1,1","8,3",20:30,94.0,97.0,Varias,81.0,Varias,"2,4",Varias
2025-01-22,3182Y,ARGANDA DEL REY,MADRID,533,11.1,7.4,9.5,Varias,12.7,15:51,21.0,"4,2","9,7",13:10,82.0,94.0,23:40,77.0,16:00,"4,8",07:55
2025-01-23,3182Y,ARGANDA DEL REY,MADRID,533,12.2,0.2,8.2,Varias,16.2,16:12,23.0,"0,8","5,3",12:10,86.0,98.0,10:00,72.0,14:50,"1,2",09:45
2025-01-24,3182Y,ARGANDA DEL REY,MADRID,533,11.2,0.2,7.8,00:16,14.5,13:24,21.0,"2,8","8,1",15:00,85.0,96.0,Varias,72.0,13:40,"1,2",18:15
2025-01-25,3182Y,ARGANDA DEL REY,MADRID,533,9.1,0.4,5.8,23:56,12.4,15:44,22.0,"3,1","8,6",15:00,89.0,95.0,07:10,78.0,Varias,"1,2",Varias
2025-01-26,3182Y,ARGANDA DEL REY,MADRID,533,8.8,0.2,3.4,02:08,14.2,23:54,20.0,"3,9","11,7",21:10,83.0,97.0,08:40,74.0,17:50,"0,0",
2025-01-27,3182Y,ARGANDA DEL REY,MADRID,533,11.0,10.2,7.3,23:43,14.7,13:27,22.0,"8,1","20,3",16:40,81.0,93.0,11:10,71.0,14:20,"6,0",10:45
2025-01-28,3182Y,ARGANDA DEL REY,MADRID,533,8.5,0.2,5.3,Varias,11.7,14:31,26.0,"5,8","16,1",02:10,70.0,91.0,09:10,53.0,15:00,"6,0",03:55
2025-01-29,3182Y,ARGANDA DEL REY,MADRID,533,6.8,4.6,4.3,04:37,9.3,11:54,20.0,"4,4","12,2",12:10,88.0,95.0,23:00,77.0,12:00,"2,4",Varias
2025-01-30,3182Y,ARGANDA DEL REY,MADRID,533,6.5,0.0,0.7,06:32,12.3,13:40,36.0,"3,3","14,7",20:10,64.0,98.0,08:30,43.0,15:20,"0,0",
2025-01-31,3182Y,ARGANDA DEL REY,MADRID,533,5.7,0.0,-0.8,07:27,12.2,15:22,36.0,"1,1","5,3",12:00,59.0,86.0,Varias,38.0,13:20,"0,0",
2025-02-01,3182Y,ARGANDA DEL REY,MADRID,533,6.4,0.2,-1.8,07:22,14.7,16:33,35.0,"1,9","8,1",17:30,66.0,93.0,08:10,49.0,17:00,"1,2",09:05
2025-02-02,3182Y,ARGANDA DEL REY,MADRID,533,4.8,0.0,-2.0,05:54,11.5,Varias,36.0,"1,7","6,7",23:30,74.0,92.0,Varias,57.0,14:40,"0,0",
2025-02-03,3182Y,ARGANDA DEL REY,MADRID,533,8.1,0.0,1.8,23:54,14.4,15:17,36.0,"1,1","6,7",03:00,61.0,84.0,07:00,44.0,16:40,"0,0",
2025-02-04,3182Y,ARGANDA DEL REY,MADRID,533,6.8,0.0,-1.6,06:58,15.1,16:22,18.0,"0,8","5,8",14:30,64.0,92.0,07:40,37.0,15:20,"0,0",
2025-02-05,3182Y,ARGANDA DEL REY,MADRID,533,7.6,0.0,-1.8,05:42,16.9,16:12,30.0,"0,8","3,9",13:10,56.0,93.0,08:10,28.0,15:50,"0,0",
2025-02-06,3182Y,ARGANDA DEL REY,MADRID,533,6.4,0.0,-2.1,07:35,14.9,15:33,21.0,"1,1","5,0",14:30,60.0,89.0,07:50,37.0,15:40,"0,0",
2025-02-07,3182Y,ARGANDA DEL REY,MADRID,533,4.2,3.6,-3.1,06:21,11.6,12:09,24.0,"2,5","10,6",12:10,77.0,94.0,08:10,52.0,13:00,"4,8",14:05
2025-02-08,3182Y,ARGANDA DEL REY,MADRID,533,7.9,0.0,2.6,23:22,13.2,15:50,21.0,"1,7","5,8",17:10,77.0,97.0,09:50,57.0,15:40,"1,2",01:05
2025-02-09,3182Y,ARGANDA DEL REY,MADRID,533,8.4,0.0,0.2,05:03,16.5,16:19,26.0,"0,8","3,1",12:50,75.0,97.0,Varias,57.0,16:10,"0,0",
2025-02-10,3182Y,ARGANDA DEL REY,MADRID,533,9.6,0.0,3.4,05:18,15.8,15:48,14.0,"0,6","6,1",13:10,76.0,96.0,09:20,62.0,Varias,"0,0",
2025-02-11,3182Y,ARGANDA DEL REY,MADRID,533,8.6,8.0,1.8,06:50,15.5,Varias,22.0,"1,4","10,0",19:50,72.0,97.0,09:00,52.0,15:20,"4,8",21:35
2025-02-12,3182Y,ARGANDA DEL REY,MADRID,533,9.3,0.8,3.9,23:54,14.7,16:46,2.0,"2,2","8,9",16:50,68.0,96.0,08:30,50.0,14:50,"2,4",00:05
2025-02-13,3182Y,ARGANDA DEL REY,MADRID,533,8.2,0.0,0.6,06:02,15.7,14:13,24.0,"1,1","6,1",15:00,73.0,94.0,07:30,54.0,15:50,"0,0",
2025-02-14,3182Y,ARGANDA DEL REY,MADRID,533,9.7,0.0,1.6,04:57,17.8,15:49,22.0,"1,1","4,4",14:10,70.0,95.0,07:40,50.0,16:00,"0,0",
2025-02-15,3182Y,ARGANDA DEL REY,MADRID,533,9.6,0.0,1.5,07:08,17.7,14:28,26.0,"0,6","4,2",14:50,71.0,96.0,07:50,47.0,16:00,"0,0",
2025-02-16,3182Y,ARGANDA DEL REY,MADRID,533,10.4,0.0,1.6,06:11,19.2,15:14,24.0,"1,4","7,2",15:50,64.0,94.0,07:50,38.0,15:50,"0,0",
2025-02-17,3182Y,ARGANDA DEL REY,MADRID,533,9.6,0.0,2.4,07:32,16.8,15:13,99.0,"0,6","4,7",Varias,74.0,95.0,Varias,52.0,15:50,"0,0",
2025-02-18,3182Y,ARGANDA DEL REY,MADRID,533,11.9,0.0,4.0,06:39,19.8,15:34,8.0,"0,8","5,0",11:30,66.0,93.0,Varias,40.0,15:40,"0,0",
2025-02-19,3182Y,ARGANDA DEL REY,MADRID,533,12.0,0.0,6.3,23:48,17.6,14:41,22.0,"1,4","4,7",12:30,72.0,92.0,08:00,57.0,16:20,"0,0",
2025-02-20,3182Y,ARGANDA DEL REY,MADRID,533,11.0,0.0,3.1,07:22,18.9,Varias,21.0,"0,8","6,1",15:30,72.0,95.0,Varias,50.0,16:10,"0,0",
2025-02-21,3182Y,ARGANDA DEL REY,MADRID,533,11.4,0.8,4.5,Varias,18.3,14:49,25.0,"2,2","14,4",22:50,72.0,94.0,07:30,48.0,15:10,"1,2",23:05
2025-02-22,3182Y,ARGANDA DEL REY,MADRID,533,10.2,0.0,4.6,23:47,15.8,15:20,23.0,"2,2","9,2",17:20,67.0,93.0,07:40,46.0,16:30,"1,2",Varias
2025-02-23,3182Y,ARGANDA DEL REY,MADRID,533,8.6,0.0,-0.4,06:26,17.5,14:35,19.0,"1,4","5,0",14:40,61.0,95.0,07:30,38.0,15:40,"0,0",
2025-02-24,3182Y,ARGANDA DEL REY,MADRID,533,9.4,0.0,2.0,05:46,16.8,15:09,22.0,"2,5","8,9",16:10,66.0,91.0,07:50,45.0,16:40,"0,0",
2025-02-25,3182Y,ARGANDA DEL REY,MADRID,533,8.5,0.0,2.1,23:52,14.9,12:57,25.0,"3,1","8,9",08:40,61.0,87.0,07:50,48.0,14:00,"0,0",
2025-02-26,3182Y,ARGANDA DEL REY,MADRID,533,7.0,0.0,-1.1,06:35,15.0,14:55,23.0,"1,4","6,1",15:00,59.0,92.0,05:50,36.0,15:20,"0,0",
2025-02-27,3182Y,ARGANDA DEL REY,MADRID,533,9.6,0.0,3.1,03:48,16.1,16:22,26.0,"0,6","4,4",16:00,61.0,84.0,04:30,46.0,16:30,"0,0",
2025-02-28,3182Y,ARGANDA DEL REY,MADRID,533,11.0,1.4,3.3,06:03,18.8,14:36,10.0,"2,5","8,3",21:20,61.0,90.0,07:20,37.0,Varias,"1,2",Varias
2025-03-01,3182Y,ARGANDA DEL REY,MADRID,533,7.6,10.6,5.2,23:52,9.9,00:03,2.0,"2,8","8,3",14:50,90.0,93.0,19:00,74.0,00:20,"3,6",17:05
2025-03-02,3182Y,ARGANDA DEL REY,MADRID,533,4.7,10.6,3.6,Varias,5.8,Varias,2.0,"3,1","9,2",01:00,90.0,93.0,15:10,88.0,Varias,"6,0",13:15
2025-03-03,3182Y,ARGANDA DEL REY,MADRID,533,8.8,1.0,5.6,01:07,12.0,16:14,8.0,"2,2","6,1",13:20,86.0,90.0,Varias,80.0,20:10,"1,2",Varias
2025-03-04,3182Y,ARGANDA DEL REY,MADRID,533,10.4,1.6,6.3,06:17,14.5,12:39,1.0,"1,7","8,1",18:30,83.0,95.0,07:00,70.0,12:00,"6,0",14:15
2025-03-05,3182Y,ARGANDA DEL REY,MADRID,533,11.6,2.2,9.0,06:46,14.1,14:09,8.0,"1,9","6,1",15:30,81.0,89.0,Varias,70.0,16:10,"0,0",
2025-03-06,3182Y,ARGANDA DEL REY,MADRID,533,12.0,2.8,9.5,03:35,14.6,12:21,14.0,"3,6","10,8",11:20,87.0,95.0,23:40,78.0,11:50,"6,0",17:55
2025-03-07,3182Y,ARGANDA DEL REY,MADRID,533,10.9,8.4,8.0,04:06,13.8,14:10,99.0,"2,5","10,3",Varias,91.0,96.0,Varias,80.0,Varias,"7,2",17:05
2025-03-08,3182Y,ARGANDA DEL REY,MADRID,533,9.2,8.4,6.1,23:09,12.2,13:02,11.0,"5,3","15,8",10:40,85.0,92.0,Varias,78.0,14:00,"6,0",Varias
2025-03-09,3182Y,ARGANDA DEL REY,MADRID,533,7.4,1.6,3.5,06:33,11.4,15:07,19.0,"2,5","12,2",11:20,84.0,94.0,06:50,68.0,15:10,"2,4",18:45
2025-03-10,3182Y,ARGANDA DEL REY,MADRID,533,9.4,11.4,5.7,00:40,13.2,14:42,16.0,"1,9","11,7",19:20,84.0,93.0,Varias,64.0,14:50,"6,0",19:35
2025-03-11,3182Y,ARGANDA DEL REY,MADRID,533,9.4,6.6,6.1,23:58,12.7,13:12,22.0,"2,8","10,3",13:10,86.0,96.0,23:40,75.0,13:10,"7,2",13:45
2025-03-12,3182Y,ARGANDA DEL REY,MADRID,533,7.6,0.2,2.2,05:58,13.0,16:06,24.0,"3,1","11,7",14:20,82.0,99.0,08:20,71.0,16:20,"1,2",13:55
2025-03-13,3182Y,ARGANDA DEL REY,MADRID,533,8.3,4.0,4.1,06:01,12.5,14:33,2.0,"1,9","9,2",23:30,86.0,95.0,07:20,72.0,14:40,"4,8",15:05
2025-03-14,3182Y,ARGANDA DEL REY,MADRID,533,6.8,0.0,2.3,23:47,11.2,15:12,2.0,"4,2","11,1",Varias,60.0,89.0,00:00,47.0,17:10,"1,2",01:25
2025-03-15,3182Y,ARGANDA DEL REY,MADRID,533,5.0,2.2,-1.3,05:41,11.3,14:25,25.0,"1,4","6,9",15:30,67.0,92.0,07:00,47.0,14:00,"2,4",07:25
2025-03-16,3182Y,ARGANDA DEL REY,MADRID,533,8.4,1.6,5.4,07:11,11.4,15:49,22.0,"3,6","10,6",14:50,77.0,93.0,07:30,58.0,18:10,"2,4",05:45
2025-03-17,3182Y,ARGANDA DEL REY,MADRID,533,7.6,8.4,4.6,06:16,10.6,19:45,12.0,"1,7","10,3",20:10,86.0,92.0,Varias,74.0,00:00,"1,2",Varias
2025-03-18,3182Y,ARGANDA DEL REY,MADRID,533,10.8,13.2,7.5,03:23,14.0,14:58,10.0,"5,6","12,2",01:40,91.0,94.0,22:40,84.0,15:20,"4,8",03:25
2025-03-19,3182Y,ARGANDA DEL REY,MADRID,533,13.3,0.0,8.3,05:12,18.3,14:12,11.0,"4,2","19,2",23:40,75.0,93.0,Varias,54.0,15:30,"1,2",Varias
2025-03-20,3182Y,ARGANDA DEL REY,MADRID,533,13.6,17.4,9.7,23:01,17.6,16:16,14.0,"2,5","21,1",03:50,77.0,94.0,Varias,63.0,16:20,"13,2",Varias
2025-03-21,3182Y,ARGANDA DEL REY,MADRID,533,10.0,7.2,7.7,23:48,12.3,13:29,26.0,"6,9","18,1",22:10,80.0,92.0,Varias,71.0,13:00,"6,0",16:15
2025-03-22,3182Y,ARGANDA DEL REY,MADRID,533,8.6,3.0,5.4,23:31,11.8,14:52,24.0,"6,1","15,8",22:50,85.0,91.0,08:50,77.0,16:00,"2,4",08:30
2025-03-23,3182Y,ARGANDA DEL REY,MADRID,533,7.6,0.6,2.9,23:59,12.3,13:40,23.0,"2,5","11,4",01:30,65.0,92.0,Varias,49.0,17:50,"1,2",Varias
2025-03-24,3182Y,ARGANDA DEL REY,MADRID,533,8.6,0.4,1.1,06:18,16.1,14:28,36.0,"1,7","11,4",18:20,73.0,96.0,07:40,48.0,14:30,"1,2",Varias
2025-03-25,3182Y,ARGANDA DEL REY,MADRID,533,11.7,0.4,5.6,04:35,17.8,16:39,6.0,"1,7","7,2",12:40,66.0,94.0,Varias,47.0,15:00,"1,2",Varias
2025-03-26,3182Y,ARGANDA DEL REY,MADRID,533,10.4,0.2,3.4,06:18,17.3,16:15,2.0,"1,7","8,1",19:30,64.0,92.0,06:50,45.0,16:30,"1,2",Varias
2025-03-27,3182Y,ARGANDA DEL REY,MADRID,533,9.0,0.0,1.8,06:17,16.2,15:30,6.0,"1,1","4,7",13:40,61.0,91.0,06:50,44.0,15:20,"0,0",
2025-03-28,3182Y,ARGANDA DEL REY,MADRID,533,11.4,0.0,3.6,06:12,19.3,15:02,1.0,"1,9","8,3",16:30,56.0,90.0,06:40,35.0,15:50,"0,0",
2025-03-29,3182Y,ARGANDA DEL REY,MADRID,533,10.8,0.0,2.5,06:11,19.2,13:58,34.0,"3,3","11,9",14:20,55.0,93.0,07:10,30.0,14:00,"0,0",
2025-03-30,3182Y,ARGANDA DEL REY,MADRID,533,11.3,0.0,0.9,06:10,21.7,16:45,4.0,"2,5","12,2",10:10,43.0,83.0,06:20,23.0,13:30,"0,0",
2025-03-31,3182Y,ARGANDA DEL REY,MADRID,533,15.2,0.0,4.1,06:02,26.2,15:54,24.0,"1,1","4,7",14:40,44.0,84.0,06:20,20.0,14:00,"0,0",
2025-04-01,3182Y,ARGANDA DEL REY,MADRID,533,14.8,0.0,5.7,06:03,23.9,14:40,22.0,"2,8","8,1",15:00,53.0,85.0,06:10,32.0,14:20,"0,0",
2025-04-02,3182Y,ARGANDA DEL REY,MADRID,533,14.4,14.0,8.9,Varias,19.9,14:02,24.0,"2,5","8,6",23:59,66.0,91.0,06:40,49.0,17:00,"7,2",23:45
2025-04-03,3182Y,ARGANDA DEL REY,MADRID,533,10.4,15.8,9.0,07:02,11.8,00:01,24.0,"1,7","6,4",00:10,91.0,93.0,08:40,85.0,11:10,"6,0",12:45
2025-04-04,3182Y,ARGANDA DEL REY,MADRID,533,13.1,4.2,9.1,23:58,17.1,11:07,19.0,"4,7","14,7",13:50,78.0,92.0,03:10,59.0,11:30,"9,6",14:15
2025-04-05,3182Y,ARGANDA DEL REY,MADRID,533,11.9,0.4,7.2,06:05,16.6,15:10,20.0,"2,5","7,2",11:30,72.0,95.0,06:50,55.0,16:10,"1,2",Varias
2025-04-06,3182Y,ARGANDA DEL REY,MADRID,533,13.9,0.0,7.7,Varias,20.1,14:32,26.0,"1,7","7,8",15:30,69.0,94.0,06:40,47.0,14:40,"0,0",
2025-04-07,3182Y,ARGANDA DEL REY,MADRID,533,15.3,0.0,7.0,04:43,23.6,14:42,27.0,"1,1","5,0",15:30,61.0,94.0,06:20,39.0,13:30,"0,0",
2025-04-08,3182Y,ARGANDA DEL REY,MADRID,533,17.0,0.0,7.9,05:45,26.0,14:23,8.0,"1,9","8,1",12:20,53.0,91.0,06:10,34.0,15:10,"0,0",
2025-04-09,3182Y,ARGANDA DEL REY,MADRID,533,17.6,0.0,8.9,05:53,26.3,17:04,9.0,"2,2","6,1",11:30,46.0,82.0,06:10,26.0,Varias,"0,0",
2025-04-10,3182Y,ARGANDA DEL REY,MADRID,533,17.2,0.0,10.0,01:37,24.4,15:39,12.0,"3,9","11,1",11:50,55.0,81.0,01:50,40.0,15:40,"0,0",
2025-04-11,3182Y,ARGANDA DEL REY,MADRID,533,14.6,1.4,10.9,05:25,18.2,14:36,11.0,"2,5","11,4",14:10,72.0,86.0,23:50,60.0,14:10,"1,2",Varias
2025-04-12,3182Y,ARGANDA DEL REY,MADRID,533,14.8,5.8,10.1,Varias,19.5,12:07,27.0,"2,2","11,4",14:00,82.0,94.0,Varias,66.0,12:10,"7,2",Varias
2025-04-13,3182Y,ARGANDA DEL REY,MADRID,533,15.4,0.6,11.1,23:56,19.6,14:14,28.0,"1,4","6,4",14:40,82.0,96.0,Varias,62.0,14:00,"1,2",Varias
2025-04-14,3182Y,ARGANDA DEL REY,MADRID,533,13.6,2.4,9.6,02:09,17.5,14:38,28.0,"4,4","13,1",20:00,73.0,97.0,06:40,55.0,15:10,"1,2",Varias
2025-04-15,3182Y,ARGANDA DEL REY,MADRID,533,9.6,3.6,5.8,22:55,13.3,15:47,24.0,"4,4","11,4",10:40,75.0,91.0,07:10,53.0,15:50,"7,2",10:45
2025-04-16,3182Y,ARGANDA DEL REY,MADRID,533,8.4,2.4,3.5,05:18,13.3,13:23,27.0,"3,9","11,9",16:00,70.0,94.0,23:50,52.0,13:30,"3,6",18:35
2025-04-17,3182Y,ARGANDA DEL REY,MADRID,533,12.0,0.2,5.2,05:42,18.8,15:20,27.0,"3,1","8,6",03:30,60.0,94.0,Varias,43.0,13:00,"1,2",Varias
2025-04-18,3182Y,ARGANDA DEL REY,MADRID,533,14.0,9.8,8.2,05:52,19.8,14:16,26.0,"5,0","15,3",18:00,77.0,92.0,Varias,55.0,Varias,"6,0",21:25
2025-04-19,3182Y,ARGANDA DEL REY,MADRID,533,10.2,1.6,6.6,06:02,13.7,14:32,27.0,"6,1","14,2",04:10,72.0,92.0,03:40,56.0,Varias,"14,4",04:05
2025-04-20,3182Y,ARGANDA DEL REY,MADRID,533,11.8,0.2,7.2,04:53,16.5,16:10,32.0,"3,9","12,8",13:50,67.0,92.0,Varias,46.0,16:10,"1,2",Varias
2025-04-21,3182Y,ARGANDA DEL REY,MADRID,533,12.4,0.8,5.6,05:02,19.1,17:29,22.0,"2,2","7,2",21:00,66.0,95.0,06:30,48.0,16:10,"1,2",Varias
2025-04-22,3182Y,ARGANDA DEL REY,MADRID,533,14.2,0.2,8.9,23:38,19.4,14:26,1.0,"1,4","6,7",20:10,70.0,93.0,Varias,49.0,14:30,"1,2",Varias
2025-04-23,3182Y,ARGANDA DEL REY,MADRID,533,14.8,0.0,6.0,03:41,23.5,16:49,99.0,"1,4","4,2",Varias,56.0,90.0,Varias,39.0,16:10,"1,2",02:25
2025-04-24,3182Y,ARGANDA DEL REY,MADRID,533,17.8,0.0,8.7,04:43,27.0,15:43,8.0,"1,1","4,2",11:00,54.0,91.0,06:10,29.0,14:50,"0,0",
2025-04-25,3182Y,ARGANDA DEL REY,MADRID,533,18.2,0.0,9.8,04:44,26.7,Varias,26.0,"2,2","12,2",16:40,58.0,88.0,05:00,36.0,14:50,"0,0",
2025-04-26,3182Y,ARGANDA DEL REY,MADRID,533,16.9,0.0,11.0,05:24,22.8,Varias,36.0,"2,8","10,6",10:30,48.0,85.0,06:00,35.0,15:30,"0,0",
2025-04-27,3182Y,ARGANDA DEL REY,MADRID,533,14.1,0.0,5.6,05:09,22.6,16:24,4.0,"2,2","8,3",11:10,49.0,84.0,Varias,35.0,14:30,"0,0",
2025-04-28,3182Y,ARGANDA DEL REY,MADRID,533,16.6,0.0,8.5,04:00,24.8,14:53,10.0,"3,6","12,8",23:30,45.0,82.0,04:10,33.0,13:50,"0,0",
2025-04-29,3182Y,ARGANDA DEL REY,MADRID,533,16.8,0.0,10.0,05:37,23.7,14:31,12.0,"4,4","12,2",11:40,51.0,75.0,05:40,41.0,14:30,"0,0",
2025-04-30,3182Y,ARGANDA DEL REY,MADRID,533,16.5,6.8,9.8,05:20,23.2,15:36,12.0,"5,3","14,4",17:50,57.0,89.0,Varias,47.0,15:30,"10,8",Varias
2025-05-01,3182Y,ARGANDA DEL REY,MADRID,533,17.8,15.2,12.3,01:06,23.4,14:56,12.0,"2,2","7,2",16:00,69.0,93.0,Varias,52.0,16:30,"3,6",00:50
2025-05-02,3182Y,ARGANDA DEL REY,MADRID,533,15.8,8.8,11.2,06:40,20.3,14:14,26.0,"1,9","15,0",15:50,79.0,93.0,Varias,60.0,13:40,"40,8",05:45
2025-05-03,3182Y,ARGANDA DEL REY,MADRID,533,15.2,0.2,9.4,05:13,21.1,15:04,26.0,"2,2","8,9",20:00,71.0,96.0,06:50,47.0,15:10,"1,2",Varias
2025-05-04,3182Y,ARGANDA DEL REY,MADRID,533,13.8,0.2,10.7,04:43,16.9,12:43,25.0,"4,7","11,4",11:20,74.0,93.0,08:40,62.0,13:30,"1,2",12:35
2025-05-05,3182Y,ARGANDA DEL REY,MADRID,533,13.8,5.4,10.4,03:51,17.2,10:56,27.0,"1,9","8,3",11:10,89.0,94.0,05:20,64.0,11:00,"13,2",16:25
2025-05-06,3182Y,ARGANDA DEL REY,MADRID,533,13.0,0.2,7.1,05:06,18.9,15:17,2.0,"2,2","6,4",Varias,54.0,88.0,05:50,40.0,16:50,"1,2",11:25
2025-05-07,3182Y,ARGANDA DEL REY,MADRID,533,14.6,0.2,7.6,04:39,21.6,16:07,20.0,"1,4","6,7",19:10,54.0,84.0,23:50,38.0,14:00,"0,0",
2025-05-08,3182Y,ARGANDA DEL REY,MADRID,533,14.1,2.2,10.6,23:43,17.6,15:25,21.0,"1,7","7,8",11:50,81.0,90.0,Varias,64.0,15:30,"3,6",11:55
2025-05-09,3182Y,ARGANDA DEL REY,MADRID,533,13.8,2.0,8.2,05:03,19.3,16:47,99.0,"2,2","7,2",Varias,73.0,94.0,05:40,55.0,17:00,"1,2",09:15
2025-05-10,3182Y,ARGANDA DEL REY,MADRID,533,14.4,4.0,10.0,02:51,18.7,16:51,26.0,"4,2","11,4",14:30,73.0,94.0,07:00,50.0,16:50,"8,4",11:25
2025-05-11,3182Y,ARGANDA DEL REY,MADRID,533,13.4,0.0,6.4,05:21,20.3,17:20,22.0,"2,5","8,6",12:20,59.0,94.0,06:20,37.0,16:20,"1,2",00:35
2025-05-12,3182Y,ARGANDA DEL REY,MADRID,533,13.6,0.0,6.3,04:53,20.9,16:46,99.0,"2,5","7,2",Varias,54.0,90.0,05:50,36.0,18:00,"0,0",
2025-05-13,3182Y,ARGANDA DEL REY,MADRID,533,15.2,0.2,7.3,03:52,23.1,16:49,24.0,"2,2","6,7",15:30,53.0,90.0,05:30,30.0,16:50,"0,0",
2025-05-14,3182Y,ARGANDA DEL REY,MADRID,533,17.8,0.8,11.8,04:41,23.8,16:49,34.0,"2,5","13,9",18:10,66.0,90.0,07:20,40.0,16:20,"1,2",Varias
2025-05-15,3182Y,ARGANDA DEL REY,MADRID,533,16.0,7.6,10.3,05:17,21.8,16:55,8.0,"0,8","10,3",13:50,75.0,94.0,05:50,52.0,16:50,"16,8",17:25
2025-05-16,3182Y,ARGANDA DEL REY,MADRID,533,16.6,0.2,8.1,04:08,25.2,17:46,5.0,"1,9","6,1",11:50,56.0,95.0,05:40,37.0,16:50,"1,2",09:45
2025-05-17,3182Y,ARGANDA DEL REY,MADRID,533,17.8,0.0,9.3,05:16,26.3,16:56,24.0,"2,2","7,5",12:20,50.0,89.0,05:40,34.0,14:40,"0,0",
2025-05-18,3182Y,ARGANDA DEL REY,MADRID,533,19.3,0.0,10.2,05:06,28.4,14:48,17.0,"3,1","9,7",14:40,46.0,89.0,05:40,28.0,15:10,"0,0",
2025-05-19,3182Y,ARGANDA DEL REY,MADRID,533,15.8,0.4,10.8,23:57,20.9,14:59,23.0,"3,3","10,3",11:40,62.0,84.0,23:20,45.0,15:00,"1,2",Varias
2025-05-20,3182Y,ARGANDA DEL REY,MADRID,533,17.0,0.0,8.3,05:21,25.6,17:45,34.0,"1,1","5,3",13:30,51.0,92.0,05:50,38.0,17:40,"0,0",
2025-05-21,3182Y,ARGANDA DEL REY,MADRID,533,18.6,0.0,9.7,04:39,27.4,15:59,26.0,"1,9","5,8",14:40,45.0,85.0,05:40,33.0,14:50,"0,0",
2025-05-22,3182Y,ARGANDA DEL REY,MADRID,533,18.4,0.0,12.4,05:24,24.4,16:52,1.0,"3,3","8,9",13:20,48.0,87.0,05:40,36.0,Varias,"0,0",
2025-05-23,3182Y,ARGANDA DEL REY,MADRID,533,18.1,0.0,10.4,05:19,25.8,16:57,2.0,"3,6","10,6",04:30,38.0,62.0,03:30,23.0,17:20,"0,0",
2025-05-24,3182Y,ARGANDA DEL REY,MADRID,533,18.4,0.0,7.8,05:15,29.1,16:57,30,"1,4","6,4",14:30,41,82,05:40,26,13:30,"0,0",
2025-05-25,3182Y,ARGANDA DEL REY,MADRID,533,20.6,0.0,10.4,05:11,30.9,16:54,24,"1,4","6,7",12:30,40,79,05:20,28,Varias,"0,0",
2025-05-26,3182Y,ARGANDA DEL REY,MADRID,533,22.4,,13.9,04:36,31.0,15:01,24,"2,2","7,8",15:20,43,81,04:40,29,16:00,,
2025-05-27,3182Y,ARGANDA DEL REY,MADRID,533,24.0,0.0,15.1,04:42,32.8,16:53,28,"1,9","6,7",13:40,44,80,05:40,25,15:50,"0,0",
2025-05-28,3182Y,ARGANDA DEL REY,MADRID,533,24.4,0.0,14.0,04:10,34.7,17:02,25,"1,1","6,7",13:30,37,75,Varias,24,Varias,"0,0",
2025-05-29,3182Y,ARGANDA DEL REY,MADRID,533,25.6,0.0,15.6,04:39,35.7,17:59,26.0,"1,7","6,1",13:30,36.0,73.0,05:40,22.0,Varias,"0,0",
2025-05-30,3182Y,ARGANDA DEL REY,MADRID,533,25.6,0.0,16.0,03:18,35.2,Varias,30.0,"2,2","9,2",12:30,39.0,76.0,03:10,25.0,15:20,"0,0",
2025-05-31,3182Y,ARGANDA DEL REY,MADRID,533,25.8,0.0,16.1,04:38,35.4,14:23,2.0,"2,2","8,6",17:50,41.0,75.0,04:30,25.0,14:50,"0,0",
2025-06-01,3182Y,ARGANDA DEL REY,MADRID,533,26.2,0.0,17.7,05:22,34.7,14:48,27.0,"1,1","9,7",14:30,42.0,71.0,04:50,26.0,14:40,"0,0",
2025-06-02,3182Y,ARGANDA DEL REY,MADRID,533,25.6,0.0,18.5,05:01,32.8,14:07,21.0,"4,2","11,1",15:20,41.0,70.0,06:30,25.0,15:40,"0,0",
2025-06-03,3182Y,ARGANDA DEL REY,MADRID,533,21.7,0.0,16.8,04:39,26.6,17:00,26.0,"4,2","10,8",16:30,51.0,74.0,Varias,38.0,15:20,"0,0",
2025-06-04,3182Y,ARGANDA DEL REY,MADRID,533,19.2,0.0,11.8,05:07,26.7,15:42,25.0,"3,1","10,3",11:20,53.0,84.0,05:40,33.0,15:50,"0,0",
2025-06-05,3182Y,ARGANDA DEL REY,MADRID,533,22.0,0.0,12.7,04:23,31.3,17:06,22.0,"2,5","8,1",16:10,44.0,81.0,03:20,29.0,16:30,"0,0",
2025-06-06,3182Y,ARGANDA DEL REY,MADRID,533,22.7,0.0,13.2,05:18,32.2,17:03,24.0,"3,3","10,0",14:50,39.0,78.0,05:50,24.0,17:40,"0,0",
2025-06-07,3182Y,ARGANDA DEL REY,MADRID,533,22.8,0.0,12.7,04:32,33.0,17:03,23.0,"3,9","11,1",14:40,36.0,76.0,05:00,20.0,16:50,"0,0",
2025-06-08,3182Y,ARGANDA DEL REY,MADRID,533,24.8,0.0,13.4,02:46,36.3,17:06,24.0,"1,9","7,5",15:20,33.0,69.0,04:40,22.0,16:40,"0,0",
2025-06-09,3182Y,ARGANDA DEL REY,MADRID,533,27.9,0.6,16.9,04:11,38.9,17:07,15.0,"1,9","10,8",18:40,37.0,74.0,04:40,22.0,15:00,"1,2",Varias
2025-06-10,3182Y,ARGANDA DEL REY,MADRID,533,26.8,0.0,18.3,05:00,35.3,17:08,18.0,"2,5","7,8",13:20,42.0,79.0,06:00,29.0,17:20,"0,0",
2025-06-11,3182Y,ARGANDA DEL REY,MADRID,533,25.0,5.6,18.3,23:46,31.6,14:14,10.0,"4,2","14,7",06:30,60.0,90.0,23:30,36.0,16:10,"15,6",17:45
2025-06-12,3182Y,ARGANDA DEL REY,MADRID,533,23.6,0.0,14.6,05:00,32.5,17:07,22.0,"2,2","7,2",13:00,51.0,92.0,Varias,32.0,17:10,"0,0",
2025-06-13,3182Y,ARGANDA DEL REY,MADRID,533,25.0,0.0,15.3,05:01,34.7,17:04,22.0,"2,2","8,6",14:50,41.0,81.0,01:40,27.0,17:00,"0,0",
2025-06-14,3182Y,ARGANDA DEL REY,MADRID,533,25.8,0.0,16.1,05:26,35.4,17:04,20.0,"1,1","6,1",15:00,39.0,74.0,05:30,27.0,15:20,"0,0",
2025-06-15,3182Y,ARGANDA DEL REY,MADRID,533,27.2,0.0,17.3,05:14,37.1,17:11,2.0,"1,7","8,6",20:40,36.0,77.0,05:40,23.0,15:50,"0,0",
2025-06-16,3182Y,ARGANDA DEL REY,MADRID,533,28.8,0.0,18.7,04:52,39.0,17:12,18.0,"1,4","13,6",19:00,38.0,76.0,05:10,20.0,16:40,"0,0",
2025-06-17,3182Y,ARGANDA DEL REY,MADRID,533,29.2,0.0,20.7,04:12,37.8,13:50,26.0,"1,4","10,3",16:00,37.0,65.0,05:40,24.0,16:30,"0,0",
2025-06-18,3182Y,ARGANDA DEL REY,MADRID,533,29.0,0.0,19.0,05:02,38.9,17:05,24.0,"2,2","8,6",18:30,35.0,70.0,05:20,21.0,15:00,"0,0",
2025-06-19,3182Y,ARGANDA DEL REY,MADRID,533,28.3,0.0,19.6,04:22,37.0,13:38,29.0,"2,2","12,2",14:50,34.0,62.0,02:40,21.0,13:00,"0,0",
2025-06-20,3182Y,ARGANDA DEL REY,MADRID,533,29.1,0.0,18.8,04:12,39.4,17:12,26.0,"1,7","11,9",18:20,32.0,66.0,05:20,19.0,17:10,"0,0",
2025-06-21,3182Y,ARGANDA DEL REY,MADRID,533,29.2,0.4,20.0,05:17,38.5,14:36,14.0,"2,5","15,8",20:20,31.0,63.0,05:40,21.0,Varias,"2,4",20:35
2025-06-22,3182Y,ARGANDA DEL REY,MADRID,533,29.0,0.0,20.5,04:53,37.6,17:07,13.0,"1,9","10,0",20:00,37.0,68.0,05:10,25.0,Varias,"0,0",
2025-06-23,3182Y,ARGANDA DEL REY,MADRID,533,30.9,0.0,22.6,05:07,39.2,17:06,11.0,"1,9","11,7",23:59,32.0,54.0,05:30,21.0,19:40,"0,0",
2025-06-24,3182Y,ARGANDA DEL REY,MADRID,533,30.8,0.0,21.4,24:00,40.1,13:38,23.0,"3,9","16,9",16:20,26.0,63.0,23:59,17.0,13:40,"0,0",
2025-06-25,3182Y,ARGANDA DEL REY,MADRID,533,24.8,0.0,18.1,04:15,31.6,15:37,24.0,"4,2","11,4",14:20,41.0,79.0,04:40,26.0,14:10,"0,0",
2025-06-26,3182Y,ARGANDA DEL REY,MADRID,533,25.2,0.0,14.2,Varias,36.2,17:08,30.0,"1,9","10,3",15:00,31.0,74.0,04:40,19.0,16:50,"0,0",
2025-06-27,3182Y,ARGANDA DEL REY,MADRID,533,27.4,0.0,15.5,04:29,39.3,17:09,21.0,"1,7","5,6",12:00,28.0,64.0,05:30,16.0,18:00,"0,0",
2025-06-28,3182Y,ARGANDA DEL REY,MADRID,533,29.6,0.0,18.2,05:16,41.0,17:10,15.0,"1,9","7,8",13:20,27.0,56.0,05:50,17.0,13:30,"0,0",
2025-06-29,3182Y,ARGANDA DEL REY,MADRID,533,31.1,0.0,21.0,05:16,41.2,15:22,12.0,"1,1","8,3",13:20,25.0,53.0,05:20,15.0,13:10,"0,0",
2025-06-30,3182Y,ARGANDA DEL REY,MADRID,533,32.4,0.0,24.5,05:03,40.2,13:55,28.0,"2,2","14,2",16:50,30.0,46.0,05:20,17.0,12:20,"0,0",
2025-07-01,3182Y,ARGANDA DEL REY,MADRID,533,30.4,0.0,20.6,04:18,40.2,15:24,12.0,"2,8","12,5",13:10,31.0,54.0,02:40,20.0,Varias,"0,0",
2025-07-02,3182Y,ARGANDA DEL REY,MADRID,533,31.0,7.8,22.2,21:50,39.8,15:57,25.0,"2,2","16,1",21:30,30.0,76.0,21:50,20.0,15:30,"37,2",21:25
2025-07-03,3182Y,ARGANDA DEL REY,MADRID,533,30.2,1.0,21.6,23:31,38.8,15:49,2.0,"2,5","12,8",22:10,42.0,80.0,23:20,26.0,15:40,"3,6",21:25
2025-07-04,3182Y,ARGANDA DEL REY,MADRID,533,29.8,1.0,20.5,04:21,39.1,17:07,13.0,"2,5","8,3",22:10,38.0,77.0,04:20,19.0,15:50,"6,0",21:55
2025-07-05,3182Y,ARGANDA DEL REY,MADRID,533,29.2,0.0,20.1,05:04,38.2,14:39,8.0,"3,3","13,1",19:40,42.0,76.0,05:20,26.0,14:40,"0,0",
2025-07-06,3182Y,ARGANDA DEL REY,MADRID,533,27.6,0.0,17.9,04:48,37.3,15:16,24.0,"1,9","8,3",15:30,41.0,80.0,05:20,23.0,14:30,"0,0",
2025-07-07,3182Y,ARGANDA DEL REY,MADRID,533,29.8,0.0,20.8,05:16,38.7,17:04,26.0,"2,5","12,5",15:30,36.0,63.0,05:00,24.0,17:10,"0,0",
2025-07-08,3182Y,ARGANDA DEL REY,MADRID,533,27.6,0.0,17.4,05:10,37.8,16:14,5.0,"2,8","8,6",00:10,40.0,60.0,03:50,26.0,16:20,"0,0",
2025-07-09,3182Y,ARGANDA DEL REY,MADRID,533,30.3,0.0,22.6,05:01,38.0,17:03,22.0,"3,3","9,7",13:50,38.0,62.0,01:00,22.0,18:10,"0,0",
2025-07-10,3182Y,ARGANDA DEL REY,MADRID,533,27.4,0.0,17.8,04:25,37.1,17:06,16.0,"2,8","9,7",13:40,34.0,65.0,05:00,20.0,15:50,"0,0",
2025-07-11,3182Y,ARGANDA DEL REY,MADRID,533,25.8,0.0,18.0,04:14,33.6,14:24,24.0,"5,0","10,0",15:40,37.0,63.0,05:20,26.0,17:20,"0,0",
2025-07-12,3182Y,ARGANDA DEL REY,MADRID,533,24.0,0.0,17.2,05:05,30.9,17:08,24.0,"4,2","12,8",10:50,45.0,75.0,05:30,30.0,18:00,"0,0",
2025-07-13,3182Y,ARGANDA DEL REY,MADRID,533,25.6,0.0,16.7,04:54,34.6,17:06,25.0,"3,6","10,3",11:10,36.0,67.0,04:40,25.0,17:10,"0,0",
2025-07-14,3182Y,ARGANDA DEL REY,MADRID,533,26.6,0.0,15.7,04:40,37.6,17:03,22.0,"2,8","9,2",12:30,31.0,65.0,05:20,18.0,16:50,"0,0",
2025-07-15,3182Y,ARGANDA DEL REY,MADRID,533,28.6,0.0,17.1,05:26,40.1,17:08,25.0,"1,4","9,7",12:10,28.0,59.0,05:30,18.0,Varias,"0,0",
2025-07-16,3182Y,ARGANDA DEL REY,MADRID,533,30.8,0.0,20.6,05:03,40.9,17:07,23.0,"2,5","7,8",15:00,30.0,65.0,05:30,16.0,17:10,"0,0",
2025-07-17,3182Y,ARGANDA DEL REY,MADRID,533,28.8,0.0,17.2,04:50,40.4,15:03,26.0,"3,6","12,2",14:30,25.0,56.0,05:00,15.0,15:10,"0,0",
2025-07-18,3182Y,ARGANDA DEL REY,MADRID,533,26.6,0.0,17.3,05:36,35.8,14:53,24.0,"5,3","12,5",16:20,24.0,54.0,05:50,17.0,12:50,"0,0",
2025-07-19,3182Y,ARGANDA DEL REY,MADRID,533,25.4,0.0,18.3,05:11,32.6,17:05,24.0,"3,9","10,0",14:00,33.0,58.0,Varias,24.0,15:00,"0,0",
2025-07-20,3182Y,ARGANDA DEL REY,MADRID,533,24.6,0.0,17.8,05:16,31.5,14:46,24.0,"6,1","14,7",16:30,39.0,60.0,05:20,29.0,16:00,"0,0",
2025-07-21,3182Y,ARGANDA DEL REY,MADRID,533,24.2,0.0,14.3,05:16,34.0,17:06,24.0,"1,7","6,1",10:50,30.0,58.0,05:20,15.0,18:00,"0,0",
2025-07-22,3182Y,ARGANDA DEL REY,MADRID,533,25.2,0.0,14.5,02:25,35.9,17:01,26.0,"1,9","9,7",16:50,27.0,49.0,06:00,15.0,Varias,"0,0",
2025-07-23,3182Y,ARGANDA DEL REY,MADRID,533,24.1,0.0,16.3,05:03,31.9,15:56,5.0,"2,2","9,4",22:10,35.0,55.0,23:59,26.0,15:50,"0,0",
2025-07-24,3182Y,ARGANDA DEL REY,MADRID,533,23.8,0.0,16.8,05:25,30.9,14:58,8.0,"5,0","11,4",18:20,36.0,61.0,05:20,19.0,14:50,"0,0",
2025-07-25,3182Y,ARGANDA DEL REY,MADRID,533,23.6,0.0,14.6,05:36,32.7,15:33,36.0,"2,2","7,8",22:40,34.0,61.0,05:40,19.0,16:10,"0,0",
2025-07-26,3182Y,ARGANDA DEL REY,MADRID,533,26.5,0.0,16.7,05:09,36.3,17:04,4.0,"1,9","6,7",00:10,31.0,61.0,05:20,20.0,16:30,"0,0",
2025-07-27,3182Y,ARGANDA DEL REY,MADRID,533,27.1,0.0,16.2,05:14,38.0,17:42,19.0,"2,5","13,6",15:10,29.0,60.0,05:30,18.0,18:00,"0,0",
2025-07-28,3182Y,ARGANDA DEL REY,MADRID,533,27.2,0.0,18.9,02:28,35.6,14:40,3.0,"3,1","8,3",13:10,33.0,53.0,05:10,24.0,Varias,"0,0",
2025-07-29,3182Y,ARGANDA DEL REY,MADRID,533,25.2,0.0,16.5,05:00,33.9,16:56,2.0,"3,1","8,6",Varias,35.0,57.0,05:10,22.0,16:20,"0,0",
2025-07-30,3182Y,ARGANDA DEL REY,MADRID,533,26.5,0.0,16.3,04:51,36.7,16:56,5.0,"2,5","6,7",00:10,32.0,55.0,Varias,19.0,18:00,"0,0",
2025-07-31,3182Y,ARGANDA DEL REY,MADRID,533,28.1,0.0,19.1,04:21,37.1,16:59,25.0,"1,9","7,8",14:10,37.0,62.0,04:30,24.0,Varias,"0,0",
2025-08-01,3182Y,ARGANDA DEL REY,MADRID,533,27.2,0.0,20.5,05:17,33.9,14:55,18.0,"3,3","8,9",15:40,42.0,63.0,05:30,32.0,Varias,"0,0",
2025-08-02,3182Y,ARGANDA DEL REY,MADRID,533,28.0,0.0,18.8,05:25,37.2,14:40,2.0,"1,9","7,2",23:00,36.0,68.0,04:50,23.0,15:50,"0,0",
2025-08-03,3182Y,ARGANDA DEL REY,MADRID,533,30.6,0.0,21.4,05:45,39.9,15:40,36.0,"1,7","6,7",21:50,29.0,51.0,Varias,20.0,Varias,"0,0",
2025-08-04,3182Y,ARGANDA DEL REY,MADRID,533,30.0,0.0,20.1,05:31,39.8,Varias,25,"2,2","5,8",Varias,30,49,07:40,20,18:00,"0,0",
2025-08-05,3182Y,ARGANDA DEL REY,MADRID,533,30.6,0.0,19.6,05:35,41.5,15:48,23,"1,7","8,1",14:00,28,55,05:20,17,16:30,"0,0",
2025-08-06,3182Y,ARGANDA DEL REY,MADRID,533,,0.0,,,,,23,"2,8","8,6",14:00,26,,,,,"0,0",
2025-08-07,3182Y,ARGANDA DEL REY,MADRID,533,,,,,,,,"2,2",,,25,,,,,,
2025-08-08,3182Y,ARGANDA DEL REY,MADRID,533,30.6,0.0,19.4,05:22,41.8,14:32,26,"1,4","10,3",19:50,23,49,06:00,15,14:20,"0,0",
2025-08-09,3182Y,ARGANDA DEL REY,MADRID,533,31.0,0.0,20.8,04:45,41.2,16:02,10,"1,9","11,1",23:59,29,53,05:00,20,Varias,"0,0",
2025-08-10,3182Y,ARGANDA DEL REY,MADRID,533,31.5,0.0,22.2,05:23,40.8,14:43,8.0,"3,1","9,2",12:40,27.0,54.0,05:00,16.0,18:00,"0,0",
2025-08-11,3182Y,ARGANDA DEL REY,MADRID,533,31.7,0.0,22.5,05:42,40.9,16:46,35.0,"2,8","8,9",18:00,27.0,52.0,05:50,16.0,Varias,"0,0",
2025-08-12,3182Y,ARGANDA DEL REY,MADRID,533,32.7,0.0,23.0,03:57,42.4,15:15,7.0,"3,6","16,7",16:20,29.0,44.0,23:10,16.0,14:30,"0,0",
2025-08-13,3182Y,ARGANDA DEL REY,MADRID,533,30.7,0.0,23.4,Varias,38.0,14:03,2.0,"2,2","10,0",14:40,32.0,54.0,05:30,22.0,13:40,"0,0",
2025-08-14,3182Y,ARGANDA DEL REY,MADRID,533,30.7,0.0,21.0,05:20,40.4,15:40,16.0,"1,9","7,2",15:10,32.0,58.0,05:20,19.0,16:10,"0,0",
2025-08-15,3182Y,ARGANDA DEL REY,MADRID,533,31.8,0.0,23.7,05:42,40.0,15:49,28.0,"2,2","7,8",13:40,27.0,48.0,06:00,18.0,Varias,"0,0",
2025-08-16,3182Y,ARGANDA DEL REY,MADRID,533,31.2,0.0,19.9,05:51,42.4,15:24,28.0,"1,7","6,7",15:20,25.0,53.0,05:40,14.0,Varias,"0,0",
2025-08-17,3182Y,ARGANDA DEL REY,MADRID,533,31.3,0.0,20.6,05:37,42.0,14:14,31.0,"3,1","12,2",17:00,26.0,48.0,06:00,15.0,Varias,"0,0",
2025-08-18,3182Y,ARGANDA DEL REY,MADRID,533,29.1,0.0,21.5,24:00,36.7,13:56,10.0,"3,1","9,2",01:40,27.0,49.0,06:00,17.0,Varias,"0,0",
2025-08-19,3182Y,ARGANDA DEL REY,MADRID,533,24.4,0.0,14.6,05:32,34.1,13:24,24.0,"2,8","8,9",14:50,31.0,56.0,05:40,21.0,14:50,"0,0",
2025-08-20,3182Y,ARGANDA DEL REY,MADRID,533,24.2,0.0,17.7,05:49,30.7,17:05,2.0,"3,1","8,6",06:50,39.0,66.0,05:50,27.0,Varias,"0,0",
2025-08-21,3182Y,ARGANDA DEL REY,MADRID,533,24.0,0.0,16.2,05:43,31.7,15:37,2.0,"1,4","7,8",14:40,37.0,64.0,05:30,25.0,14:50,"0,0",
2025-08-22,3182Y,ARGANDA DEL REY,MADRID,533,25.3,0.0,17.2,05:45,33.4,15:27,2.0,"2,2","6,7",00:20,38.0,64.0,05:30,24.0,Varias,"0,0",
2025-08-23,3182Y,ARGANDA DEL REY,MADRID,533,25.5,0.0,16.1,04:49,34.9,14:07,22.0,"1,4","8,6",12:10,37.0,59.0,05:00,24.0,Varias,"0,0",
2025-08-24,3182Y,ARGANDA DEL REY,MADRID,533,25.6,0.0,15.5,05:52,35.6,14:07,17.0,"1,7","8,1",13:10,32.0,64.0,04:50,20.0,18:00,"0,0",
2025-08-25,3182Y,ARGANDA DEL REY,MADRID,533,28.0,0.0,19.9,01:22,36.1,14:04,13.0,"1,1","10,3",23:50,31.0,50.0,06:00,23.0,14:10,"0,0",
2025-08-26,3182Y,ARGANDA DEL REY,MADRID,533,29.0,0.0,21.5,05:14,36.4,12:42,14.0,"2,5","9,2",00:10,37.0,62.0,Varias,27.0,15:50,"0,0",
2025-08-27,3182Y,ARGANDA DEL REY,MADRID,533,28.0,0.0,21.3,05:54,34.6,14:25,24.0,"4,4","12,2",14:10,36.0,62.0,06:00,21.0,16:50,"0,0",
2025-08-28,3182Y,ARGANDA DEL REY,MADRID,533,22.9,0.0,16.0,05:52,29.8,15:38,26.0,"2,5","10,6",13:30,34.0,61.0,05:40,19.0,15:50,"0,0",
2025-08-29,3182Y,ARGANDA DEL REY,MADRID,533,23.6,0.0,17.4,02:05,29.8,16:41,26.0,"3,6","11,4",13:10,38.0,55.0,23:40,26.0,16:00,"0,0",
2025-08-30,3182Y,ARGANDA DEL REY,MADRID,533,25.0,0.0,16.5,05:44,33.6,15:32,26.0,"3,1","11,1",15:40,39.0,67.0,05:30,26.0,15:30,"0,0",
2025-08-31,3182Y,ARGANDA DEL REY,MADRID,533,21.6,0.0,13.6,05:18,29.7,14:22,21.0,"5,3","15,0",16:30,41.0,65.0,05:40,30.0,16:10,"0,0",
2025-09-01,3182Y,ARGANDA DEL REY,MADRID,533,19.2,0.0,11.8,05:42,26.7,15:36,25.0,"2,8","10,3",13:50,39.0,66.0,05:50,23.0,14:50,"0,0",
2025-09-02,3182Y,ARGANDA DEL REY,MADRID,533,18.8,0.0,9.0,04:39,28.6,16:20,26.0,"2,2","8,6",14:00,36.0,65.0,05:00,23.0,Varias,"0,0",
2025-09-03,3182Y,ARGANDA DEL REY,MADRID,533,21.7,0.0,10.4,05:24,33.0,15:54,24.0,"3,3","8,9",17:00,35.0,63.0,06:00,24.0,Varias,"0,0",
2025-09-04,3182Y,ARGANDA DEL REY,MADRID,533,23.8,0.0,15.7,05:41,31.9,15:20,23.0,"2,8","8,9",11:50,33.0,68.0,05:50,14.0,13:00,"0,0",
2025-09-05,3182Y,ARGANDA DEL REY,MADRID,533,26.4,0.0,17.5,06:01,35.3,15:18,11.0,"3,3","14,7",22:10,40.0,65.0,23:50,24.0,15:50,"0,0",
2025-09-06,3182Y,ARGANDA DEL REY,MADRID,533,26.8,0.0,18.6,04:36,34.9,16:37,23.0,"3,3","9,4",16:20,42.0,76.0,05:30,24.0,15:40,"0,0",
2025-09-07,3182Y,ARGANDA DEL REY,MADRID,533,23.7,0.0,18.1,05:55,29.3,12:35,23.0,"2,2","10,6",11:40,49.0,73.0,06:00,31.0,11:40,"0,0",
2025-09-08,3182Y,ARGANDA DEL REY,MADRID,533,23.4,0.0,15.8,06:05,31.1,14:30,24.0,"3,1","9,2",14:30,45.0,77.0,05:40,26.0,19:40,"0,0",
2025-09-09,3182Y,ARGANDA DEL REY,MADRID,533,22.0,0.0,14.8,23:59,29.3,14:06,24.0,"2,8","9,7",16:40,42.0,77.0,06:30,22.0,17:20,"0,0",
2025-09-10,3182Y,ARGANDA DEL REY,MADRID,533,20.0,0.0,11.5,03:25,28.6,16:08,26.0,"3,3","10,3",13:30,47.0,69.0,05:50,39.0,12:00,"0,0",
2025-09-11,3182Y,ARGANDA DEL REY,MADRID,533,22.8,0.0,13.3,05:59,32.3,16:34,27.0,"2,2","9,4",11:40,42.0,75.0,06:20,24.0,10:40,"0,0",
2025-09-12,3182Y,ARGANDA DEL REY,MADRID,533,23.2,0.0,13.9,05:09,32.4,14:38,26.0,"1,9","7,5",Varias,39.0,70.0,05:30,25.0,15:30,"0,0",
2025-09-13,3182Y,ARGANDA DEL REY,MADRID,533,22.8,0.0,13.9,05:55,31.7,15:18,25.0,"2,8","8,9",12:00,40.0,67.0,06:30,25.0,18:50,"0,0",
2025-09-14,3182Y,ARGANDA DEL REY,MADRID,533,22.3,0.0,11.2,05:44,33.4,16:29,29.0,"1,4","5,3",12:10,33.0,61.0,06:10,22.0,16:30,"0,0",
2025-09-15,3182Y,ARGANDA DEL REY,MADRID,533,23.8,0.0,12.9,05:11,34.8,15:56,27.0,"1,4","6,7",14:20,35.0,66.0,05:20,22.0,18:00,"0,0",
2025-09-16,3182Y,ARGANDA DEL REY,MADRID,533,24.8,0.0,13.9,05:13,35.8,15:08,26.0,"1,9","9,4",14:20,36.0,67.0,05:40,19.0,16:00,"0,0",
2025-09-17,3182Y,ARGANDA DEL REY,MADRID,533,26.2,0.0,16.0,03:48,36.5,14:12,19.0,"1,4","7,8",14:10,31.0,56.0,02:40,18.0,16:30,"0,0",
2025-09-18,3182Y,ARGANDA DEL REY,MADRID,533,26.2,0.0,14.7,04:31,37.6,15:33,26.0,"1,4","7,2",14:20,32.0,61.0,04:00,16.0,15:50,"0,0",
2025-09-19,3182Y,ARGANDA DEL REY,MADRID,533,28.5,0.4,20.5,05:54,36.5,14:57,26.0,"4,2","13,6",17:40,37.0,72.0,23:50,22.0,16:10,"1,2",Varias
2025-09-20,3182Y,ARGANDA DEL REY,MADRID,533,25.5,1.6,17.7,05:48,33.3,14:57,27.0,"1,7","8,3",13:30,51.0,86.0,04:10,29.0,14:10,"0,0",
2025-09-21,3182Y,ARGANDA DEL REY,MADRID,533,20.6,0.0,14.6,22:01,26.7,14:17,26.0,"3,3","10,3",11:40,47.0,83.0,Varias,24.0,14:50,"4,8",00:25
2025-09-22,3182Y,ARGANDA DEL REY,MADRID,533,15.9,0.0,8.1,06:26,23.7,15:48,1.0,"2,2","9,4",00:10,37.0,65.0,05:50,24.0,Varias,"0,0",
2025-09-23,3182Y,ARGANDA DEL REY,MADRID,533,15.5,0.0,6.7,05:42,24.3,16:24,5.0,"1,7","9,4",20:20,40.0,69.0,06:00,26.0,Varias,"0,0",
2025-09-24,3182Y,ARGANDA DEL REY,MADRID,533,15.5,0.0,6.4,06:21,24.6,16:25,2.0,"1,1","5,6",09:30,38.0,67.0,06:40,23.0,15:00,"0,0",
2025-09-25,3182Y,ARGANDA DEL REY,MADRID,533,16.4,0.0,6.9,05:58,25.8,17:03,27.0,"1,9","5,6",15:50,37.0,73.0,06:20,21.0,15:40,"0,0",
2025-09-26,3182Y,ARGANDA DEL REY,MADRID,533,16.8,0.0,5.4,06:29,28.1,15:11,23.0,"1,9","10,0",15:40,33.0,61.0,06:50,20.0,Varias,"0,0",
2025-09-27,3182Y,ARGANDA DEL REY,MADRID,533,16.6,0.0,5.7,05:38,27.6,12:49,24.0,"2,2","10,3",13:10,35.0,65.0,06:20,23.0,13:00,"0,0",
2025-09-28,3182Y,ARGANDA DEL REY,MADRID,533,18.6,0.2,14.1,03:51,23.1,13:55,1.0,"0,8","6,9",23:59,55.0,75.0,23:10,44.0,08:00,"1,2",23:05
2025-09-29,3182Y,ARGANDA DEL REY,MADRID,533,20.6,0.0,16.4,04:02,24.8,14:00,1.0,"3,6","9,4",09:50,53.0,72.0,06:40,40.0,13:50,"0,0",
2025-09-30,3182Y,ARGANDA DEL REY,MADRID,533,19.6,0.0,14.9,23:58,24.2,14:14,16.0,"1,4","5,6",13:40,55.0,75.0,23:59,46.0,13:10,"0,0",
2025-10-01,3182Y,ARGANDA DEL REY,MADRID,533,20.4,0.0,11.8,04:22,28.9,14:36,21.0,"1,7","6,4",12:40,50.0,85.0,05:50,33.0,Varias,"0,0",
2025-10-02,3182Y,ARGANDA DEL REY,MADRID,533,20.5,0.0,10.5,06:22,30.5,14:59,28.0,"1,7","5,8",13:20,34.0,56.0,06:30,20.0,15:10,"0,0",
2025-10-03,3182Y,ARGANDA DEL REY,MADRID,533,19.2,0.0,8.7,06:44,29.8,13:59,26.0,"1,4","5,8",14:30,36.0,66.0,05:30,21.0,12:50,"0,0",
2025-10-04,3182Y,ARGANDA DEL REY,MADRID,533,20.8,0.0,9.8,05:48,31.8,15:03,22.0,"2,5","8,6",15:40,40.0,70.0,06:40,24.0,15:00,"0,0",
2025-10-05,3182Y,ARGANDA DEL REY,MADRID,533,19.9,0.0,12.0,05:01,27.8,16:18,6.0,"1,9","7,5",12:20,42.0,74.0,06:30,25.0,16:30,"0,0",
2025-10-06,3182Y,ARGANDA DEL REY,MADRID,533,19.6,0.0,10.5,05:24,28.7,15:48,36.0,"1,1","5,6",02:20,46.0,63.0,05:30,32.0,15:40,"0,0",
2025-10-07,3182Y,ARGANDA DEL REY,MADRID,533,20.3,0.0,10.3,05:59,30.3,14:31,22.0,"1,1","6,9",15:30,47.0,77.0,06:30,31.0,13:50,"0,0",
2025-10-08,3182Y,ARGANDA DEL REY,MADRID,533,21.0,0.0,11.7,06:11,30.3,14:30,36.0,"1,1","7,8",20:50,47.0,73.0,04:50,28.0,16:40,"0,0",
2025-10-09,3182Y,ARGANDA DEL REY,MADRID,533,20.4,0.0,13.3,06:44,27.5,14:36,8.0,"1,7","7,2",11:10,44.0,73.0,06:50,29.0,Varias,"0,0",
2025-10-10,3182Y,ARGANDA DEL REY,MADRID,533,18.6,0.0,13.1,04:54,24.2,12:20,12.0,"2,5","8,1",11:50,53.0,69.0,05:00,42.0,15:20,"0,0",
2025-10-11,3182Y,ARGANDA DEL REY,MADRID,533,18.8,0.0,12.4,06:25,25.2,12:48,10.0,"1,9","9,2",16:00,52.0,76.0,03:00,38.0,13:00,"0,0",
2025-10-12,3182Y,ARGANDA DEL REY,MADRID,533,19.8,0.0,13.9,06:32,25.7,16:25,10.0,"1,9","6,4",10:50,56.0,75.0,06:40,41.0,16:40,"0,0",
2025-10-13,3182Y,ARGANDA DEL REY,MADRID,533,20.2,0.0,14.7,06:59,25.6,13:46,1.0,"1,9","6,1",12:10,58.0,80.0,07:30,42.0,13:50,"0,0",
2025-10-14,3182Y,ARGANDA DEL REY,MADRID,533,19.1,0.0,11.2,06:29,27.0,15:26,25.0,"1,1","4,4",11:30,57.0,85.0,06:40,38.0,16:00,"0,0",
2025-10-15,3182Y,ARGANDA DEL REY,MADRID,533,19.1,0.0,10.5,06:35,27.7,15:57,25.0,"1,1","4,7",12:40,53.0,82.0,05:20,31.0,15:50,"0,0",
2025-10-16,3182Y,ARGANDA DEL REY,MADRID,533,19.2,0.0,11.8,05:56,26.7,16:05,24.0,"1,1","5,3",14:50,52.0,76.0,04:20,35.0,16:10,"0,0",
2025-10-17,3182Y,ARGANDA DEL REY,MADRID,533,18.6,0.0,11.1,01:53,26.1,15:13,10.0,"1,7","9,2",13:40,55.0,77.0,02:20,34.0,15:40,"0,0",
2025-10-18,3182Y,ARGANDA DEL REY,MADRID,533,17.7,0.0,8.4,05:19,27.0,14:57,19.0,"1,1","4,7",14:40,54.0,85.0,05:50,27.0,15:20,"0,0",
2025-10-19,3182Y,ARGANDA DEL REY,MADRID,533,16.0,0.8,6.9,06:27,25.0,15:31,22.0,"1,7","6,9",14:30,54.0,78.0,07:00,37.0,15:30,"0,0",
2025-10-20,3182Y,ARGANDA DEL REY,MADRID,533,19.2,0.4,15.1,03:26,23.4,14:56,27.0,"5,0","13,3",11:10,65.0,92.0,07:00,35.0,15:00,"2,4",03:45
2025-10-21,3182Y,ARGANDA DEL REY,MADRID,533,18.6,8.4,14.6,05:25,22.7,13:45,24.0,"3,9","10,8",14:50,84.0,95.0,09:50,65.0,14:30,"12,0",17:45
2025-10-22,3182Y,ARGANDA DEL REY,MADRID,533,18.8,0.0,15.2,03:30,22.5,15:06,24.0,"5,0","13,3",20:20,74.0,94.0,03:50,58.0,14:40,"0,0",
2025-10-23,3182Y,ARGANDA DEL REY,MADRID,533,20.5,0.0,16.3,23:35,24.7,15:16,25.0,"5,6","17,5",04:00,47.0,84.0,05:40,25.0,17:20,"0,0",
2025-10-24,3182Y,ARGANDA DEL REY,MADRID,533,19.0,0.0,15.1,05:07,23.0,15:28,25.0,"3,1","12,5",16:00,74.0,84.0,07:20,58.0,00:20,"0,0",
2025-10-25,3182Y,ARGANDA DEL REY,MADRID,533,18.2,3.4,14.2,Varias,22.2,14:56,26.0,"2,5","11,7",14:00,72.0,88.0,Varias,52.0,15:10,"1,2",19:00
2025-10-26,3182Y,ARGANDA DEL REY,MADRID,533,12.5,0.2,6.4,23:56,18.6,15:17,2.0,"2,2","11,1",02:50,66.0,91.0,04:30,46.0,15:50,"3,6",03:15
2025-10-27,3182Y,ARGANDA DEL REY,MADRID,533,11.6,0.0,2.9,06:48,20.3,16:37,99.0,"0,8","3,6",08:50,63.0,92.0,07:10,38.0,16:00,"0,0",
2025-10-28,3182Y,ARGANDA DEL REY,MADRID,533,12.8,9.6,3.0,06:44,22.5,15:50,23.0,"0,8","4,7",21:50,57.0,90.0,07:10,29.0,16:00,"1,2",Varias
2025-10-29,3182Y,ARGANDA DEL REY,MADRID,533,13.6,6.8,10.7,06:06,16.4,16:45,30.0,"0,0","7,8",04:40,91.0,95.0,Varias,84.0,00:00,"4,8",Varias
2025-10-30,3182Y,ARGANDA DEL REY,MADRID,533,14.6,0.0,11.4,23:59,17.7,13:44,20.0,"1,4","5,3",15:00,86.0,96.0,Varias,75.0,Varias,"0,0",
2025-10-31,3182Y,ARGANDA DEL REY,MADRID,533,13.5,0.0,9.4,03:13,17.6,14:25,23.0,"1,4","6,1",13:40,83.0,96.0,08:20,65.0,14:30,"0,0",
2025-11-01,3182Y,ARGANDA DEL REY,MADRID,533,15.1,0.0,11.1,06:48,19.1,14:29,24.0,"1,7","7,8",11:40,77.0,91.0,06:50,60.0,14:30,"0,0",
2025-11-02,3182Y,ARGANDA DEL REY,MADRID,533,13.4,0.0,7.0,23:58,19.7,13:54,30.0,"1,1","7,2",11:00,64.0,94.0,07:40,37.0,Varias,"0,0",
2025-11-03,3182Y,ARGANDA DEL REY,MADRID,533,12.2,0.0,4.3,06:06,20.2,15:27,26.0,"1,1","4,4",12:30,63.0,91.0,07:10,33.0,15:30,"0,0",
2025-11-04,3182Y,ARGANDA DEL REY,MADRID,533,12.8,0.0,4.4,06:57,21.1,14:52,25.0,"1,1","3,9",14:10,70.0,90.0,Varias,51.0,Varias,"0,0",
2025-11-05,3182Y,ARGANDA DEL REY,MADRID,533,14.4,8.2,10.5,00:01,18.2,14:57,12.0,"2,8","14,2",14:20,77.0,92.0,21:10,58.0,15:00,"16,8",17:35
2025-11-06,3182Y,ARGANDA DEL REY,MADRID,533,11.6,0.0,8.1,07:05,15.0,14:26,24.0,"4,2","10,3",03:10,76.0,91.0,Varias,63.0,14:30,"0,0",
2025-11-07,3182Y,ARGANDA DEL REY,MADRID,533,9.7,8.2,6.2,04:00,13.2,Varias,24.0,"3,1","8,3",14:30,91.0,95.0,Varias,85.0,09:40,"8,4",21:15
2025-11-08,3182Y,ARGANDA DEL REY,MADRID,533,10.8,0.0,4.5,23:55,17.0,14:51,1.0,"2,8","6,7",17:30,63.0,95.0,Varias,47.0,Varias,"0,0",
2025-11-09,3182Y,ARGANDA DEL REY,MADRID,533,8.6,0.0,1.3,04:50,15.8,14:38,25.0,"1,1","4,7",14:50,74.0,94.0,Varias,51.0,14:50,"0,0",
2025-11-10,3182Y,ARGANDA DEL REY,MADRID,533,9.4,0.0,1.7,06:17,17.1,14:47,19.0,"1,7","5,3",14:10,78.0,96.0,08:30,57.0,15:00,"0,0",
2025-11-11,3182Y,ARGANDA DEL REY,MADRID,533,12.0,0.0,5.4,03:12,18.5,14:45,8.0,"0,6","3,9",19:40,79.0,95.0,Varias,59.0,14:50,"0,0",
2025-11-12,3182Y,ARGANDA DEL REY,MADRID,533,14.6,0.0,4.3,05:09,25.0,14:44,19.0,"2,8","13,9",14:10,58.0,95.0,08:40,31.0,14:50,"0,0",
2025-11-13,3182Y,ARGANDA DEL REY,MADRID,533,13.4,16.8,11.5,07:43,15.2,11:39,15.0,"1,7","13,1",22:40,84.0,89.0,Varias,60.0,00:00,"2,4",Varias
2025-11-14,3182Y,ARGANDA DEL REY,MADRID,533,13.6,2.6,10.8,18:37,16.3,12:55,15.0,"5,0","15,6",01:10,80.0,93.0,Varias,64.0,13:00,"18,0",03:15
2025-11-15,3182Y,ARGANDA DEL REY,MADRID,533,11.9,2.8,9.2,05:42,14.6,18:59,14.0,"4,7","15,3",17:00,86.0,91.0,06:20,81.0,19:00,"3,6",13:35
2025-11-16,3182Y,ARGANDA DEL REY,MADRID,533,11.4,0.2,7.5,22:09,15.4,14:12,24.0,"3,1","11,7",11:30,81.0,94.0,Varias,66.0,14:40,"0,0",
2025-11-17,3182Y,ARGANDA DEL REY,MADRID,533,10.8,0.0,7.2,23:58,14.5,15:24,8.0,"0,6","2,8",13:40,84.0,95.0,03:20,66.0,15:40,"1,2",04:35
2025-11-18,3182Y,ARGANDA DEL REY,MADRID,533,9.4,0.0,2.5,23:48,16.4,14:48,34.0,"0,6","4,2",13:10,75.0,97.0,07:40,54.0,Varias,"0,0",
2025-11-19,3182Y,ARGANDA DEL REY,MADRID,533,6.6,0.0,0.7,07:08,12.5,13:30,1.0,"1,4","7,2",18:40,71.0,95.0,Varias,50.0,15:20,"0,0",
2025-11-20,3182Y,ARGANDA DEL REY,MADRID,533,5.9,0.0,-0.9,06:55,12.7,13:29,26.0,"1,1","8,3",12:20,66.0,94.0,07:50,46.0,15:30,"0,0",
2025-11-21,3182Y,ARGANDA DEL REY,MADRID,533,5.2,0.0,-1.2,23:58,11.5,13:56,36.0,"3,3","10,0",13:50,61.0,94.0,06:50,42.0,13:50,"0,0",
2025-11-22,3182Y,ARGANDA DEL REY,MADRID,533,4.0,0.0,-3.9,06:37,12.0,15:11,25.0,"1,1","5,6",12:50,67.0,94.0,08:00,43.0,15:20,"0,0",
2025-11-23,3182Y,ARGANDA DEL REY,MADRID,533,7.4,0.0,0.3,06:32,14.4,13:47,24.0,"1,7","8,3",16:20,74.0,92.0,08:20,54.0,13:50,"0,0",
2025-11-24,3182Y,ARGANDA DEL REY,MADRID,533,10.4,2.2,7.7,00:01,13.2,15:02,24.0,"6,1","14,2",13:40,88.0,93.0,Varias,76.0,23:59,"3,6",16:45
2025-11-25,3182Y,ARGANDA DEL REY,MADRID,533,7.9,0.0,2.1,07:23,13.7,14:49,28.0,"1,9","9,7",00:30,67.0,92.0,07:50,46.0,15:40,"0,0",
2025-11-26,3182Y,ARGANDA DEL REY,MADRID,533,5.8,0.0,-0.8,07:13,12.5,13:34,2.0,"3,3","8,9",11:40,61.0,93.0,08:00,42.0,13:20,"0,0",
2025-11-27,3182Y,ARGANDA DEL REY,MADRID,533,6.2,0.0,-2.3,07:24,14.7,14:38,33.0,"0,8","5,6",13:20,69.0,92.0,07:50,46.0,14:50,"0,0",
2025-11-28,3182Y,ARGANDA DEL REY,MADRID,533,7.3,0.0,-0.4,07:32,15.0,14:30,23.0,"1,1","4,2",12:20,72.0,95.0,08:30,51.0,14:40,"0,0",
2025-11-29,3182Y,ARGANDA DEL REY,MADRID,533,5.4,2.6,-1.6,07:16,12.4,14:09,23.0,"1,1","6,7",15:50,77.0,95.0,08:10,60.0,16:00,"0,0",
2025-11-30,3182Y,ARGANDA DEL REY,MADRID,533,7.2,0.0,2.0,23:58,12.5,14:33,6.0,"1,7","10,0",14:20,74.0,94.0,Varias,53.0,16:00,"2,4",03:05
2025-12-01,3182Y,ARGANDA DEL REY,MADRID,533,5.8,0.0,-1.0,07:33,12.5,14:23,7.0,"0,6","4,2",10:20,76.0,92.0,07:40,57.0,13:50,"0,0",
2025-12-02,3182Y,ARGANDA DEL REY,MADRID,533,5.8,3.6,-0.2,03:15,11.7,14:40,25.0,"1,9","5,8",14:30,87.0,96.0,10:40,63.0,14:50,"6,0",16:25
2025-12-03,3182Y,ARGANDA DEL REY,MADRID,533,7.0,0.2,2.8,00:22,11.3,13:29,28.0,"1,9","7,8",14:50,73.0,97.0,08:20,50.0,14:10,"1,2",Varias
2025-12-04,3182Y,ARGANDA DEL REY,MADRID,533,9.0,0.6,5.6,01:49,12.3,13:03,22.0,"6,1","11,9",13:10,79.0,95.0,09:00,64.0,17:10,"2,4",08:55
2025-12-05,3182Y,ARGANDA DEL REY,MADRID,533,8.6,0.0,5.4,05:42,11.9,Varias,23.0,"4,4","11,7",03:10,87.0,93.0,Varias,68.0,02:20,"0,0",
2025-12-06,3182Y,ARGANDA DEL REY,MADRID,533,13.3,0.0,11.7,Varias,14.9,13:18,24.0,"4,2","9,7",10:20,83.0,94.0,Varias,75.0,13:20,"0,0",
2025-12-07,3182Y,ARGANDA DEL REY,MADRID,533,10.0,0.0,6.6,23:48,13.4,13:55,21.0,"1,9","6,1",09:20,78.0,92.0,07:50,66.0,15:20,"0,0",
2025-12-08,3182Y,ARGANDA DEL REY,MADRID,533,9.9,0.0,5.2,Varias,14.6,13:56,22.0,"1,4","5,8",14:30,80.0,95.0,Varias,61.0,14:00,"0,0",
2025-12-09,3182Y,ARGANDA DEL REY,MADRID,533,8.4,7.4,1.6,06:05,15.2,15:24,26.0,"0,8","3,9",12:30,79.0,96.0,Varias,65.0,15:30,"1,2",Varias
2025-12-10,3182Y,ARGANDA DEL REY,MADRID,533,10.2,2.0,8.1,23:15,12.2,13:25,12.0,"0,3","3,3",12:10,92.0,95.0,Varias,83.0,14:00,"3,6",02:35
2025-12-11,3182Y,ARGANDA DEL REY,MADRID,533,9.0,0.2,3.7,06:30,14.3,15:32,10.0,"1,7","5,3",11:40,84.0,98.0,09:10,69.0,13:00,"1,2",05:55
2025-12-12,3182Y,ARGANDA DEL REY,MADRID,533,8.9,0.2,4.7,00:37,13.1,13:41,14.0,"1,7","8,3",13:40,80.0,96.0,06:50,68.0,15:40,"1,2",Varias
2025-12-13,3182Y,ARGANDA DEL REY,MADRID,533,11.6,0.0,7.0,24:00,16.2,15:05,15.0,"0,8","6,7",14:20,69.0,88.0,00:30,55.0,13:30,"0,0",
2025-12-14,3182Y,ARGANDA DEL REY,MADRID,533,8.2,0.0,4.8,07:56,11.7,Varias,3.0,"1,1","4,4",16:00,75.0,89.0,Varias,65.0,16:30,"0,0",
2025-12-15,3182Y,ARGANDA DEL REY,MADRID,533,8.8,7.0,4.7,04:56,12.8,11:31,18.0,"1,4","5,0",20:20,83.0,93.0,Varias,72.0,14:40,"7,2",23:25
2025-12-16,3182Y,ARGANDA DEL REY,MADRID,533,9.6,0.6,8.5,Varias,10.7,14:19,12.0,"2,8","7,2",06:30,88.0,94.0,Varias,80.0,14:40,"2,4",Varias
2025-12-17,3182Y,ARGANDA DEL REY,MADRID,533,11.6,0.0,7.6,23:57,15.5,13:57,1.0,"2,5","8,3",04:40,75.0,88.0,23:30,62.0,14:10,"0,0",
2025-12-18,3182Y,ARGANDA DEL REY,MADRID,533,8.4,0.0,4.1,06:35,12.7,14:32,99.0,"1,9","5,6",11:40,86.0,96.0,06:50,74.0,14:30,"0,0",
2025-12-19,3182Y,ARGANDA DEL REY,MADRID,533,9.2,0.0,6.9,07:44,11.5,13:34,12.0,"0,6","3,3",11:50,85.0,94.0,Varias,77.0,13:40,"0,0",
2025-12-20,3182Y,ARGANDA DEL REY,MADRID,533,8.2,3.2,5.9,22:03,10.4,13:57,25.0,"1,7","6,9",18:40,91.0,96.0,08:50,84.0,13:50,"1,2",23:55
2025-12-21,3182Y,ARGANDA DEL REY,MADRID,533,4.0,0.2,-0.9,Varias,8.8,15:05,21.0,"5,0","15,3",07:00,82.0,93.0,01:50,63.0,15:40,"3,6",06:45
2025-12-22,3182Y,ARGANDA DEL REY,MADRID,533,2.6,0.0,-1.7,02:10,6.9,14:32,20.0,"3,1","7,8",15:30,88.0,96.0,Varias,78.0,14:10,"0,0",
2025-12-23,3182Y,ARGANDA DEL REY,MADRID,533,4.2,0.0,0.4,06:47,7.9,15:32,1.0,"0,6","3,6",22:10,87.0,97.0,08:50,77.0,15:50,"0,0",
2025-12-24,3182Y,ARGANDA DEL REY,MADRID,533,6.2,0.0,0.3,01:02,12.1,13:34,2.0,"0,8","5,3",09:00,77.0,95.0,Varias,55.0,16:00,"0,0",
2025-12-25,3182Y,ARGANDA DEL REY,MADRID,533,3.3,0.0,1.0,00:01,5.6,14:52,4.0,"1,9","5,6",12:00,72.0,93.0,Varias,66.0,14:10,"0,0",
2025-12-26,3182Y,ARGANDA DEL REY,MADRID,533,5.4,0.0,-1.4,07:24,12.1,14:43,6.0,"0,3","3,6",01:00,78.0,93.0,08:30,56.0,14:50,"0,0",
2025-12-27,3182Y,ARGANDA DEL REY,MADRID,533,4.7,0.0,-2.8,07:10,12.2,12:12,11.0,"1,4","9,4",14:10,80.0,97.0,08:40,66.0,13:40,"0,0",
2025-12-28,3182Y,ARGANDA DEL REY,MADRID,533,8.8,0.0,4.9,01:44,12.7,13:28,9.0,"1,4","8,3",15:20,70.0,89.0,02:00,59.0,15:00,"0,0",
2025-12-29,3182Y,ARGANDA DEL REY,MADRID,533,7.6,0.0,1.0,23:58,14.2,14:58,3.0,"1,1","4,7",02:20,73.0,90.0,22:50,57.0,15:10,"0,0",
2025-12-30,3182Y,ARGANDA DEL REY,MADRID,533,4.2,0.0,-1.7,06:44,10.2,15:46,23.0,"0,6","3,1",13:10,90.0,95.0,Varias,75.0,16:00,"0,0",
2025-12-31,3182Y,ARGANDA DEL REY,MADRID,533,3.5,0.2,-2.8,Varias,9.8,15:08,24.0,"0,8","4,7",14:20,90.0,98.0,09:30,63.0,15:10,"1,2",09:35
2026-01-01,3182Y,ARGANDA DEL REY,MADRID,533,0.6,0.2,-3.8,07:06,5.0,16:13,7.0,"0,3","2,5",07:40,91.0,96.0,09:00,88.0,Varias,"1,2",15:25
2026-01-02,3182Y,ARGANDA DEL REY,MADRID,533,8.0,0.2,4.6,00:01,11.3,14:12,2.0,"1,4","5,0",13:10,89.0,96.0,23:20,79.0,14:10,"1,2",15:35
2026-01-03,3182Y,ARGANDA DEL REY,MADRID,533,9.8,0.0,5.7,01:26,14.0,15:04,7.0,"0,8","4,4",11:50,83.0,97.0,03:40,64.0,15:20,"0,0",
2026-01-04,3182Y,ARGANDA DEL REY,MADRID,533,8.9,3.8,4.2,06:27,13.6,13:43,1.0,"1,1","6,7",21:30,80.0,95.0,08:40,65.0,13:50,"2,4",20:50
2026-01-05,3182Y,ARGANDA DEL REY,MADRID,533,2.7,1.4,-0.8,24:00,6.2,14:32,36.0,"3,1","10,6",22:50,69.0,94.0,Varias,54.0,15:10,"2,4",Varias
2026-01-06,3182Y,ARGANDA DEL REY,MADRID,533,0.8,0.0,-5.2,05:48,6.7,14:20,34.0,"4,7","14,7",09:20,53.0,88.0,06:00,40.0,13:00,"0,0",
2026-01-07,3182Y,ARGANDA DEL REY,MADRID,533,2.0,0.0,-5.4,04:14,9.3,16:03,17.0,"1,7","6,1",14:10,69.0,91.0,23:10,56.0,13:40,"0,0",
2026-01-08,3182Y,ARGANDA DEL REY,MADRID,533,2.4,0.0,-0.6,00:27,5.4,17:39,23.0,"3,9","8,6",18:00,90.0,96.0,Varias,87.0,Varias,"0,0",
2026-01-09,3182Y,ARGANDA DEL REY,MADRID,533,9.6,0.0,5.3,00:01,14.0,13:57,99.0,"4,7","12,2",Varias,65.0,97.0,Varias,42.0,Varias,"0,0",
2026-01-10,3182Y,ARGANDA DEL REY,MADRID,533,5.5,0.0,-1.3,07:30,12.3,15:20,28.0,"1,9","7,5",00:20,65.0,89.0,08:00,43.0,15:30,"0,0",
2026-01-11,3182Y,ARGANDA DEL REY,MADRID,533,4.6,0.0,-2.8,06:01,12.1,14:51,17.0,"0,8","4,7",15:40,74.0,92.0,08:00,58.0,15:00,"0,0",
2026-01-12,3182Y,ARGANDA DEL REY,MADRID,533,7.0,0.2,2.5,23:58,11.6,15:52,36.0,"0,3","4,7",16:20,87.0,94.0,Varias,71.0,16:00,"1,2",07:05
2026-01-13,3182Y,ARGANDA DEL REY,MADRID,533,5.6,2.2,-1.5,04:05,12.6,13:51,14.0,"3,3","7,5",11:50,73.0,97.0,Varias,47.0,14:30,"2,4",19:05
2026-01-14,3182Y,ARGANDA DEL REY,MADRID,533,6.2,0.0,0.3,23:54,12.2,15:14,25.0,"0,8","6,1",13:40,85.0,96.0,09:20,68.0,15:20,"1,2",05:35
2026-01-15,3182Y,ARGANDA DEL REY,MADRID,533,4.2,3.8,-0.9,Varias,9.3,Varias,20.0,"0,8","5,8",15:10,91.0,97.0,Varias,77.0,Varias,"2,4",20:55
2026-01-16,3182Y,ARGANDA DEL REY,MADRID,533,7.8,10.2,3.9,22:46,11.6,14:14,22.0,"2,2","8,9",15:30,85.0,97.0,Varias,66.0,14:40,"1,2",Varias
2026-01-17,3182Y,ARGANDA DEL REY,MADRID,533,4.0,6.2,2.3,09:00,5.8,15:45,16.0,"0,6","3,9",08:10,91.0,96.0,Varias,88.0,16:30,"2,4",Varias
2026-01-18,3182Y,ARGANDA DEL REY,MADRID,533,6.0,0.0,0.9,07:50,11.0,15:24,36.0,"1,7","6,1",16:30,77.0,99.0,09:00,57.0,15:40,"0,0",
2026-01-19,3182Y,ARGANDA DEL REY,MADRID,533,5.0,0.0,-2.3,07:17,12.4,15:53,24.0,"0,3","5,8",15:00,76.0,97.0,10:00,52.0,16:00,"0,0",
2026-01-20,3182Y,ARGANDA DEL REY,MADRID,533,4.6,0.0,-2.9,07:45,12.1,15:42,24.0,"1,1","3,6",12:30,77.0,95.0,08:10,48.0,15:50,"0,0",
2026-01-21,3182Y,ARGANDA DEL REY,MADRID,533,3.8,7.8,-1.1,03:08,8.8,20:54,28.0,"3,3","11,7",21:00,93.0,96.0,20:30,79.0,23:59,"7,2",Varias
2026-01-22,3182Y,ARGANDA DEL REY,MADRID,533,6.6,4.2,3.3,07:37,10.0,13:13,24.0,"6,1","11,9",15:40,77.0,93.0,Varias,63.0,11:30,"2,4",Varias
2026-01-23,3182Y,ARGANDA DEL REY,MADRID,533,6.1,4.2,3.1,22:22,9.1,14:43,23.0,"4,2","15,0",16:10,85.0,97.0,07:20,65.0,14:50,"3,6",21:15
2026-01-24,3182Y,ARGANDA DEL REY,MADRID,533,4.2,0.8,1.2,07:56,7.2,15:58,24.0,"5,0","11,9",16:00,82.0,92.0,00:00,73.0,16:00,"0,0",
2026-01-25,3182Y,ARGANDA DEL REY,MADRID,533,7.6,0.2,3.1,01:45,12.0,14:06,27.0,"6,4","16,9",17:20,73.0,94.0,Varias,50.0,17:20,"2,4",04:55
2026-01-26,3182Y,ARGANDA DEL REY,MADRID,533,8.6,6.4,5.2,02:05,12.1,18:47,99.0,"3,6","10,0",Varias,91.0,97.0,17:20,82.0,00:00,"2,4",10:45
2026-01-27,3182Y,ARGANDA DEL REY,MADRID,533,8.2,10.6,4.8,24:00,11.5,00:04,24.0,"5,8","14,7",15:00,87.0,93.0,02:20,69.0,15:30,"9,6",08:55
2026-01-28,3182Y,ARGANDA DEL REY,MADRID,533,7.0,12.4,2.6,10:07,11.3,14:27,28.0,"3,9","15,0",14:10,82.0,95.0,10:40,58.0,16:20,"6,0",Varias
2026-01-29,3182Y,ARGANDA DEL REY,MADRID,533,10.0,14.6,7.0,01:48,13.0,13:11,99.0,"1,9","9,7",Varias,94.0,97.0,Varias,84.0,00:00,"18,0",13:15
2026-01-30,3182Y,ARGANDA DEL REY,MADRID,533,8.4,5.0,6.1,23:37,10.8,Varias,27.0,"6,4","14,7",21:30,80.0,93.0,03:40,66.0,13:00,"9,6",16:55
2026-01-31,3182Y,ARGANDA DEL REY,MADRID,533,8.4,0.0,4.1,05:36,12.8,14:59,28.0,"6,1","13,1",00:40,66.0,88.0,23:10,50.0,Varias,"0,0",
2026-02-01,3182Y,ARGANDA DEL REY,MADRID,533,6.9,8.2,4.0,03:02,9.8,16:37,23.0,"1,1","5,0",00:30,93.0,96.0,Varias,86.0,00:00,"4,8",22:45
2026-02-02,3182Y,ARGANDA DEL REY,MADRID,533,8.2,7.0,5.5,15:27,10.8,01:46,24.0,"5,6","15,8",15:20,87.0,97.0,01:10,74.0,15:10,"7,2",09:25
2026-02-03,3182Y,ARGANDA DEL REY,MADRID,533,6.8,7.6,4.3,04:22,9.3,15:11,20.0,"3,3","9,2",00:10,84.0,92.0,Varias,75.0,14:20,"3,6",23:25
2026-02-04,3182Y,ARGANDA DEL REY,MADRID,533,7.4,10.4,4.1,Varias,10.8,13:00,25.0,"4,4","13,9",13:40,91.0,96.0,Varias,86.0,13:30,"3,6",Varias
2026-02-05,3182Y,ARGANDA DEL REY,MADRID,533,11.2,5.8,8.0,02:32,14.4,Varias,26.0,"8,9","22,5",11:40,79.0,97.0,Varias,62.0,13:00,"6,0",06:35
2026-02-06,3182Y,ARGANDA DEL REY,MADRID,533,7.5,1.8,5.3,23:39,9.7,13:12,28.0,"5,3","12,2",01:20,82.0,90.0,11:30,77.0,09:40,"3,6",11:05
2026-02-07,3182Y,ARGANDA DEL REY,MADRID,533,6.4,11.6,4.8,02:26,8.0,11:07,21.0,"4,2","11,7",23:50,88.0,95.0,19:40,75.0,11:50,"7,2",17:45
2026-02-08,3182Y,ARGANDA DEL REY,MADRID,533,8.8,3.0,5.8,04:57,11.9,14:42,24.0,"5,3","14,7",02:50,71.0,91.0,00:30,52.0,14:50,"3,6",00:15
2026-02-09,3182Y,ARGANDA DEL REY,MADRID,533,9.8,3.2,6.3,Varias,13.2,23:47,22.0,"5,0","10,6",13:00,91.0,96.0,Varias,83.0,12:30,"6,0",15:45
2026-02-10,3182Y,ARGANDA DEL REY,MADRID,533,13.8,6.4,12.7,05:21,14.9,17:09,24.0,"5,3","14,7",18:20,93.0,95.0,00:00,90.0,11:10,"8,4",11:55
2026-02-11,3182Y,ARGANDA DEL REY,MADRID,533,13.4,6.0,11.5,05:39,15.2,Varias,24.0,"5,8","18,6",14:30,91.0,95.0,Varias,86.0,07:00,"13,2",20:45
2026-02-12,3182Y,ARGANDA DEL REY,MADRID,533,11.0,7.6,8.1,07:34,13.9,13:40,24.0,"5,3","12,8",04:30,75.0,91.0,00:00,64.0,13:50,"1,2",Varias
2026-02-13,3182Y,ARGANDA DEL REY,MADRID,533,9.8,1.4,7.7,23:44,11.9,15:28,26.0,"9,4","18,6",16:30,77.0,94.0,05:20,60.0,18:00,"4,8",Varias
2026-02-14,3182Y,ARGANDA DEL REY,MADRID,533,6.8,0.0,1.1,23:53,12.6,14:50,34.0,"6,1","16,9",12:40,49.0,84.0,23:59,43.0,Varias,"0,0",
2026-02-15,3182Y,ARGANDA DEL REY,MADRID,533,7.0,0.0,-0.7,04:38,14.8,14:15,27.0,"3,3","12,8",13:50,71.0,92.0,07:30,50.0,14:00,"0,0",
2026-02-16,3182Y,ARGANDA DEL REY,MADRID,533,11.4,0.0,7.2,04:59,15.6,13:53,25.0,"7,2","13,3",18:10,81.0,92.0,06:40,71.0,14:00,"0,0",
2026-02-17,3182Y,ARGANDA DEL REY,MADRID,533,12.4,0.0,7.4,23:58,17.3,13:39,25.0,"5,0","11,4",03:50,78.0,97.0,09:00,58.0,14:40,"0,0",
2026-02-18,3182Y,ARGANDA DEL REY,MADRID,533,9.6,1.0,6.4,01:27,12.8,15:15,24.0,"6,1","15,0",17:10,78.0,95.0,Varias,62.0,23:50,"3,6",20:55
2026-02-19,3182Y,ARGANDA DEL REY,MADRID,533,7.6,0.0,2.0,23:55,13.2,15:39,28.0,"5,0","12,5",02:10,53.0,83.0,23:59,41.0,14:40,"0,0",
2026-02-20,3182Y,ARGANDA DEL REY,MADRID,533,8.3,0.0,-0.2,05:16,16.8,16:33,1.0,"0,8","5,3",12:10,59.0,93.0,07:50,36.0,16:20,"0,0",
2026-02-21,3182Y,ARGANDA DEL REY,MADRID,533,10.7,0.0,0.9,06:17,20.5,15:59,6.0,"1,4","3,3",00:30,58.0,90.0,06:30,29.0,14:30,"0,0",
2026-02-22,3182Y,ARGANDA DEL REY,MADRID,533,11.2,0.0,1.5,05:33,20.9,15:44,23.0,"1,1","4,4",15:50,57.0,90.0,07:20,35.0,16:20,"0,0",
2026-02-23,3182Y,ARGANDA DEL REY,MADRID,533,12.1,0.0,2.3,04:34,21.9,15:47,24.0,"0,8","3,6",14:40,57.0,89.0,05:00,34.0,15:10,"0,0",
2026-02-24,3182Y,ARGANDA DEL REY,MADRID,533,12.4,0.0,2.9,06:55,21.9,16:00,25.0,"1,1","5,6",13:40,57.0,90.0,07:20,29.0,16:40,"0,0",
2026-02-25,3182Y,ARGANDA DEL REY,MADRID,533,13.2,0.0,2.8,05:21,23.5,15:03,21.0,"0,3","5,0",14:40,55.0,88.0,05:30,30.0,15:20,"0,0",
2026-02-26,3182Y,ARGANDA DEL REY,MADRID,533,13.8,0.0,3.4,06:50,24.3,14:53,99.0,"0,8","4,7",15:30,48.0,85.0,07:10,24.0,15:50,"0,0",
2026-02-27,3182Y,ARGANDA DEL REY,MADRID,533,12.4,0.0,3.8,06:33,21.0,14:55,23.0,"1,7","6,1",15:30,57.0,83.0,06:40,36.0,15:40,"0,0",
2026-02-28,3182Y,ARGANDA DEL REY,MADRID,533,13.0,0.0,6.3,07:00,19.7,16:30,3.0,"1,9","8,3",13:10,56.0,83.0,08:40,37.0,16:40,"0,0",
2026-03-01,3182Y,ARGANDA DEL REY,MADRID,533,11.5,0.0,6.9,06:52,16.1,16:16,9.0,"1,7","6,7",13:20,65.0,86.0,07:10,50.0,16:20,"0,0",
2026-03-02,3182Y,ARGANDA DEL REY,MADRID,533,11.8,0.0,4.5,06:49,19.0,15:20,11.0,"3,1","11,7",18:30,66.0,88.0,07:00,43.0,15:20,"0,0",
2026-03-03,3182Y,ARGANDA DEL REY,MADRID,533,13.3,0.0,7.8,23:54,18.8,14:02,8.0,"1,7","8,6",00:50,61.0,85.0,Varias,45.0,14:10,"0,0",
2026-03-04,3182Y,ARGANDA DEL REY,MADRID,533,11.4,0.0,4.7,06:35,18.1,13:13,6.0,"1,4","7,5",13:10,66.0,91.0,06:50,45.0,13:20,"0,0",
2026-03-05,3182Y,ARGANDA DEL REY,MADRID,533,13.6,13.8,8.6,07:11,18.6,14:57,2.0,"1,4","6,4",16:50,75.0,92.0,Varias,47.0,15:50,"14,4",16:50
2026-03-06,3182Y,ARGANDA DEL REY,MADRID,533,10.3,3.2,9.1,07:06,11.5,15:24,1.0,"3,9","15,8",15:30,84.0,93.0,Varias,70.0,19:10,"2,4",12:05
2026-03-07,3182Y,ARGANDA DEL REY,MADRID,533,10.8,1.8,8.1,06:23,13.4,14:04,1.0,"1,7","9,7",09:30,76.0,89.0,10:40,63.0,15:20,"1,2",Varias
2026-03-08,3182Y,ARGANDA DEL REY,MADRID,533,11.4,0.0,7.4,23:59,15.4,16:00,2.0,"1,4","6,1",16:50,76.0,89.0,23:50,55.0,16:20,"0,0",
2026-03-09,3182Y,ARGANDA DEL REY,MADRID,533,8.8,12.8,4.3,05:06,13.3,14:48,24.0,"0,8","10,3",15:10,85.0,94.0,Varias,67.0,15:10,"20,4",19:05
2026-03-10,3182Y,ARGANDA DEL REY,MADRID,533,8.8,1.2,4.3,01:23,13.2,16:20,14.0,"0,8","5,0",17:50,85.0,94.0,07:00,66.0,16:30,"2,4",17:50
2026-03-11,3182Y,ARGANDA DEL REY,MADRID,533,11.0,0.0,5.5,04:09,16.6,14:19,26.0,"1,1","4,7",14:20,73.0,98.0,07:40,55.0,15:20,"0,0",
2026-03-12,3182Y,ARGANDA DEL REY,MADRID,533,11.4,0.0,3.8,06:38,19.0,15:01,22.0,"1,9","5,8",13:40,69.0,95.0,07:40,49.0,14:50,"0,0",
2026-03-13,3182Y,ARGANDA DEL REY,MADRID,533,11.4,0.0,3.7,06:17,19.0,15:25,21.0,"3,1","9,2",15:40,68.0,95.0,07:40,46.0,16:20,"0,0",
2026-03-14,3182Y,ARGANDA DEL REY,MADRID,533,12.6,0.0,9.2,23:38,15.9,15:29,28.0,"6,1","12,5",16:30,60.0,86.0,Varias,49.0,15:40,"0,0",
2026-03-15,3182Y,ARGANDA DEL REY,MADRID,533,10.8,0.0,5.3,24:00,16.2,14:27,36.0,"4,7","16,1",08:50,50.0,75.0,23:59,39.0,14:30,"0,0",
2026-03-16,3182Y,ARGANDA DEL REY,MADRID,533,11.8,0.0,1.5,06:26,22.1,16:40,34.0,"1,1","6,1",12:00,52.0,89.0,06:50,30.0,16:10,"0,0",
2026-03-17,3182Y,ARGANDA DEL REY,MADRID,533,13.6,0.0,2.8,05:57,24.5,15:59,14.0,"1,4","4,4",16:30,51.0,89.0,06:40,24.0,13:50,"0,0",
2026-03-18,3182Y,ARGANDA DEL REY,MADRID,533,12.4,0.0,4.6,06:31,20.1,14:03,24.0,"1,4","7,5",14:30,48.0,80.0,07:10,30.0,12:00,"0,0",
2026-03-19,3182Y,ARGANDA DEL REY,MADRID,533,12.3,0.0,4.6,03:20,20.0,14:58,14.0,"2,8","9,4",17:50,56.0,84.0,02:40,41.0,12:50,"0,0",
2026-03-20,3182Y,ARGANDA DEL REY,MADRID,533,9.8,4.0,7.0,04:05,12.7,14:28,10.0,"1,9","10,8",05:40,72.0,90.0,Varias,60.0,11:40,"2,4",22:50
2026-03-21,3182Y,ARGANDA DEL REY,MADRID,533,9.9,0.4,6.0,23:58,13.8,16:42,6.0,"1,9","6,1",10:40,73.0,92.0,01:40,63.0,16:20,"1,2",Varias
2026-03-22,3182Y,ARGANDA DEL REY,MADRID,533,10.8,0.0,1.9,06:08,19.6,15:53,23.0,"1,7","6,4",17:20,70.0,96.0,Varias,45.0,15:40,"0,0",
2026-03-23,3182Y,ARGANDA DEL REY,MADRID,533,11.6,0.0,4.6,05:58,18.5,16:10,4.0,"2,2","9,2",11:40,45.0,82.0,06:40,25.0,14:40,"0,0",
2026-03-24,3182Y,ARGANDA DEL REY,MADRID,533,12.0,0.0,3.8,Varias,20.3,16:15,10.0,"1,4","6,4",11:00,56.0,88.0,05:20,34.0,16:00,"0,0",
2026-03-25,3182Y,ARGANDA DEL REY,MADRID,533,13.6,0.0,3.6,06:10,23.5,16:29,3.0,"1,7","10,3",22:40,53.0,88.0,06:30,29.0,15:30,"0,0",
2026-03-26,3182Y,ARGANDA DEL REY,MADRID,533,11.4,0.0,4.9,05:11,17.8,14:48,4.0,"3,9","12,2",13:20,42.0,62.0,04:50,32.0,16:00,"0,0",
2026-03-27,3182Y,ARGANDA DEL REY,MADRID,533,10.4,0.0,2.1,05:43,18.7,15:00,5.0,"4,4","14,2",13:10,43.0,74.0,05:50,31.0,15:20,"0,0",
2026-03-28,3182Y,ARGANDA DEL REY,MADRID,533,11.6,0.0,4.2,06:12,19.1,14:38,99.0,"4,4","12,5",Varias,46.0,65.0,06:20,35.0,14:00,"0,0",
2026-03-29,3182Y,ARGANDA DEL REY,MADRID,533,8.4,0.0,1.7,04:23,15.2,13:29,35.0,"5,6","15,0",10:00,37.0,67.0,04:20,27.0,Varias,"0,0",
2026-03-30,3182Y,ARGANDA DEL REY,MADRID,533,10.3,0.0,0.4,05:39,20.2,15:06,2.0,"3,1","13,3",22:30,48.0,73.0,06:10,32.0,12:40,"0,0",
2026-03-31,3182Y,ARGANDA DEL REY,MADRID,533,16.2,0.0,9.2,24:00,23.1,14:24,2.0,"5,3","13,9",18:50,46.0,64.0,Varias,33.0,13:30,"0,0",
2026-04-01,3182Y,ARGANDA DEL REY,MADRID,533,12.6,0.0,4.9,03:57,20.4,14:01,2.0,"3,9","16,1",09:40,46.0,76.0,06:20,33.0,15:10,"0,0",
2026-04-02,3182Y,ARGANDA DEL REY,MADRID,533,12.7,0.0,5.5,23:56,19.9,14:41,1.0,"3,6","14,4",08:10,42.0,67.0,23:59,33.0,13:30,"0,0",
2026-04-03,3182Y,ARGANDA DEL REY,MADRID,533,12.4,0.0,1.6,Varias,23.3,15:09,1.0,"1,7","9,4",14:30,44.0,84.0,06:10,26.0,14:40,"0,0",
2026-04-04,3182Y,ARGANDA DEL REY,MADRID,533,15.0,0.0,5.2,06:04,24.7,14:53,24.0,"1,9","6,1",13:20,52.0,84.0,06:10,34.0,13:50,"0,0",
2026-04-05,3182Y,ARGANDA DEL REY,MADRID,533,17.0,0.0,6.0,05:36,28.1,16:02,27.0,"1,4","5,8",13:00,47.0,87.0,06:00,26.0,15:20,"0,0",
2026-04-06,3182Y,ARGANDA DEL REY,MADRID,533,18.3,0.0,9.6,05:51,27.0,14:24,12.0,"2,8","13,9",22:00,38.0,70.0,05:50,25.0,13:40,"0,0",
2026-04-07,3182Y,ARGANDA DEL REY,MADRID,533,17.8,2.8,11.7,03:48,23.9,15:41,28.0,"3,1","12,8",17:50,54.0,89.0,Varias,38.0,16:10,"7,2",18:05
2026-04-08,3182Y,ARGANDA DEL REY,MADRID,533,13.4,0.0,8.6,23:47,18.2,14:05,27.0,"3,9","10,3",14:20,72.0,92.0,01:40,55.0,15:40,"1,2",Varias
2026-04-09,3182Y,ARGANDA DEL REY,MADRID,533,16.6,0.0,6.4,02:35,26.8,14:19,7.0,"1,7","6,1",12:40,49.0,89.0,Varias,26.0,15:00,"0,0",
2026-04-10,3182Y,ARGANDA DEL REY,MADRID,533,20.8,0.0,11.7,00:31,30.0,14:37,16.0,"2,8","8,9",13:10,38.0,69.0,03:10,23.0,14:00,"0,0",
2026-04-11,3182Y,ARGANDA DEL REY,MADRID,533,17.7,1.6,12.3,06:33,23.1,14:57,1.0,"1,4","10,3",20:40,54.0,74.0,07:00,33.0,11:10,"0,0",
2026-04-12,3182Y,ARGANDA DEL REY,MADRID,533,12.2,1.8,8.3,23:51,16.0,11:50,1.0,"3,1","11,7",00:30,67.0,86.0,Varias,54.0,18:10,"3,6",06:55
2026-04-13,3182Y,ARGANDA DEL REY,MADRID,533,11.6,0.0,5.4,05:12,17.8,15:05,32.0,"3,1","9,7",13:20,43.0,80.0,23:20,31.0,15:20,"0,0",
2026-04-14,3182Y,ARGANDA DEL REY,MADRID,533,13.6,0.0,4.0,05:53,23.2,16:21,35.0,"2,2","9,4",12:40,54.0,90.0,06:50,32.0,16:30,"0,0",
2026-04-15,3182Y,ARGANDA DEL REY,MADRID,533,15.8,0.0,6.5,03:08,25.2,16:28,19.0,"2,5","7,8",13:40,54.0,86.0,03:20,33.0,14:50,"0,0",
2026-04-16,3182Y,ARGANDA DEL REY,MADRID,533,17.4,0.0,7.8,05:12,27.0,14:52,24.0,"2,5","7,2",15:00,47.0,84.0,Varias,30.0,17:40,"0,0",
2026-04-17,3182Y,ARGANDA DEL REY,MADRID,533,17.8,0.0,7.4,05:20,28.1,16:51,20.0,"1,4","6,7",14:20,46.0,83.0,05:50,30.0,16:40,"0,0",
2026-04-18,3182Y,ARGANDA DEL REY,MADRID,533,18.8,0.0,8.7,05:31,28.9,15:22,22.0,"0,8","5,8",15:00,46.0,84.0,06:00,29.0,15:40,"0,0",
2026-04-19,3182Y,ARGANDA DEL REY,MADRID,533,19.9,0.0,11.0,05:21,28.8,15:04,26.0,"2,2","7,8",15:10,46.0,80.0,05:30,26.0,15:50,"0,0",
2026-04-20,3182Y,ARGANDA DEL REY,MADRID,533,19.0,0.0,9.4,05:38,28.6,14:46,25.0,"2,5","8,9",13:10,44.0,82.0,04:30,26.0,14:20,"0,0",
2026-04-21,3182Y,ARGANDA DEL REY,MADRID,533,18.6,0.2,8.7,05:24,28.6,13:18,24.0,"1,4","17,8",16:20,54.0,83.0,05:40,27.0,15:50,"1,2",16:35
2026-04-22,3182Y,ARGANDA DEL REY,MADRID,533,18.7,0.0,11.5,23:02,25.9,16:28,24.0,"2,2","9,4",12:20,53.0,84.0,06:10,32.0,17:20,"0,0",
2026-04-23,3182Y,ARGANDA DEL REY,MADRID,533,18.8,7.4,9.3,04:45,28.2,15:47,13.0,"2,5","13,3",22:10,51.0,81.0,05:20,35.0,15:50,"0,0",
2026-04-24,3182Y,ARGANDA DEL REY,MADRID,533,19.0,0.0,13.3,04:56,24.7,15:49,12.0,"1,4","8,3",00:50,62.0,86.0,03:10,49.0,16:10,"28,8",01:15
2026-04-25,3182Y,ARGANDA DEL REY,MADRID,533,20.4,0.0,14.4,04:38,26.3,15:19,2.0,"2,2","7,5",19:40,58.0,87.0,05:40,39.0,18:00,"0,0",
2026-04-26,3182Y,ARGANDA DEL REY,MADRID,533,19.6,0.0,11.0,04:45,28.1,14:52,14.0,"1,9","6,9",12:10,50.0,90.0,05:40,29.0,17:30,"0,0",
2026-04-27,3182Y,ARGANDA DEL REY,MADRID,533,19.2,0.0,10.4,05:54,28.0,15:11,11.0,"1,9","10,3",22:20,40.0,77.0,06:00,20.0,16:30,"0,0",
2026-04-28,3182Y,ARGANDA DEL REY,MADRID,533,19.4,0.0,11.1,04:52,27.6,16:05,20.0,"3,1","10,3",18:30,39.0,69.0,Varias,30.0,00:40,"0,0",
2026-04-29,3182Y,ARGANDA DEL REY,MADRID,533,17.8,8.8,13.5,05:15,22.0,14:11,16.0,"3,9","12,5",15:10,73.0,88.0,Varias,59.0,18:10,"18,0",11:45
2026-04-30,3182Y,ARGANDA DEL REY,MADRID,533,17.6,0.0,10.4,04:44,24.7,17:30,26.0,"1,9","7,2",13:20,58.0,92.0,05:50,35.0,16:30,"0,0",
2026-05-01,3182Y,ARGANDA DEL REY,MADRID,533,17.8,0.2,8.9,04:56,26.8,15:50,12.0,"1,9","11,1",22:20,52.0,89.0,05:30,31.0,15:50,"0,0",
2026-05-02,3182Y,ARGANDA DEL REY,MADRID,533,17.8,9.4,13.6,21:30,21.9,15:14,16.0,"2,2","15,0",13:10,75.0,90.0,23:20,58.0,15:40,"31,2",13:05
2026-05-03,3182Y,ARGANDA DEL REY,MADRID,533,16.8,0.0,12.3,03:57,21.3,15:38,28.0,"3,1","10,3",13:50,69.0,95.0,07:40,49.0,15:00,"6,0",06:05
2026-05-04,3182Y,ARGANDA DEL REY,MADRID,533,15.2,0.0,9.4,23:55,21.0,14:56,24.0,"4,4","11,4",14:10,56.0,88.0,06:10,32.0,16:20,"0,0",
2026-05-05,3182Y,ARGANDA DEL REY,MADRID,533,14.0,0.0,7.1,04:40,20.8,16:09,24.0,"2,8","10,3",14:40,49.0,87.0,06:30,29.0,15:50,"0,0",
2026-05-06,3182Y,ARGANDA DEL REY,MADRID,533,13.6,0.0,4.9,05:09,22.3,15:31,34.0,"1,7","5,8",14:20,46.0,87.0,05:40,29.0,18:10,"0,0",
2026-05-07,3182Y,ARGANDA DEL REY,MADRID,533,14.0,11.8,9.5,23:50,18.5,10:49,7.0,"2,5","10,8",12:40,71.0,89.0,23:59,58.0,11:10,"16,8",15:45
2026-05-08,3182Y,ARGANDA DEL REY,MADRID,533,14.6,4.6,7.7,04:47,21.5,16:47,21.0,"1,1","6,9",14:30,70.0,91.0,Varias,48.0,18:00,"13,2",12:05
2026-05-09,3182Y,ARGANDA DEL REY,MADRID,533,14.8,13.8,11.3,21:27,18.3,15:48,22.0,"1,7","12,5",12:40,82.0,92.0,23:10,62.0,10:40,"30,0",12:45
2026-05-10,3182Y,ARGANDA DEL REY,MADRID,533,12.8,3.4,9.3,04:23,16.2,10:02,18.0,"3,1","10,6",10:40,80.0,95.0,06:00,66.0,16:40,"6,0",11:05
2026-05-11,3182Y,ARGANDA DEL REY,MADRID,533,13.2,0.0,6.9,04:47,19.4,16:41,21.0,"1,9","7,5",09:50,67.0,96.0,06:00,52.0,16:40,"0,0",
2026-05-12,3182Y,ARGANDA DEL REY,MADRID,533,12.6,0.4,6.8,04:25,18.5,13:02,24.0,"3,9","13,6",16:10,67.0,94.0,05:40,54.0,15:30,"1,2",10:10
2026-05-13,3182Y,ARGANDA DEL REY,MADRID,533,14.2,0.0,7.3,04:43,21.2,16:47,27.0,"3,1","8,1",16:30,66.0,93.0,05:40,44.0,16:40,"0,0",
2026-05-14,3182Y,ARGANDA DEL REY,MADRID,533,16.4,0.0,9.0,Varias,23.7,15:33,23.0,"3,9","11,7",13:00,47.0,90.0,05:40,30.0,13:00,"0,0",
2026-05-15,3182Y,ARGANDA DEL REY,MADRID,533,13.6,0.0,7.1,23:57,20.0,16:48,2.0,"3,6","12,2",12:30,55.0,84.0,05:40,32.0,18:10,"0,0",
2026-05-16,3182Y,ARGANDA DEL REY,MADRID,533,13.5,0.0,4.1,05:23,22.9,16:46,8.0,"0,6","5,6",10:00,42.0,85.0,05:40,30.0,16:50,"0,0",
2026-05-17,3182Y,ARGANDA DEL REY,MADRID,533,16.4,3.8,8.3,04:49,24.4,14:57,22.0,"1,4","8,9",15:40,52.0,88.0,23:50,30.0,14:30,"12,0",15:55
2026-05-18,3182Y,ARGANDA DEL REY,MADRID,533,16.1,0.0,8.0,05:11,24.2,15:47,24.0,"2,5","8,9",15:20,55.0,93.0,05:50,33.0,15:40,"0,0",
2026-05-19,3182Y,ARGANDA DEL REY,MADRID,533,18.5,0.0,8.7,04:59,28.3,16:52,22.0,"2,2","7,8",13:30,47.0,86.0,05:30,32.0,15:30,"0,0",
2026-05-20,3182Y,ARGANDA DEL REY,MADRID,533,21.4,0.0,10.7,03:19,32.2,16:49,25.0,"1,7","5,6",16:30,42.0,84.0,03:40,27.0,16:30,"0,0",
2026-05-21,3182Y,ARGANDA DEL REY,MADRID,533,23.5,0.0,13.4,05:12,33.6,16:52,15.0,"2,5","7,5",13:10,39.0,73.0,05:10,22.0,15:30,"0,0",
2026-05-22,3182Y,ARGANDA DEL REY,MADRID,533,23.4,0.0,14.0,05:28,32.7,16:56,7.0,"3,3","8,9",14:40,35.0,70.0,05:40,23.0,16:00,"0,0",
2026-05-23,3182Y,ARGANDA DEL REY,MADRID,533,24.8,0.0,15.3,05:10,34.4,16:56,12.0,"1,4","8,9",22:10,31.0,65.0,05:40,16.0,17:00,"0,0",
2026-05-24,3182Y,ARGANDA DEL REY,MADRID,533,24.6,0.0,16.3,04:55,32.9,15:45,13.0,"2,8","11,1",23:00,34.0,62.0,06:40,21.0,15:00,"0,0",
2026-05-25,3182Y,ARGANDA DEL REY,MADRID,533,24.8,0.0,17.1,04:47,32.6,14:39,7.0,"3,3","9,2",10:00,29.0,54.0,06:10,21.0,16:40,"0,0",
2026-05-26,3182Y,ARGANDA DEL REY,MADRID,533,24.6,0.0,13.4,05:01,35.7,16:56,10.0,"1,7","7,8",13:30,31.0,65.0,05:20,18.0,16:50,"0,0",
2026-05-27,3182Y,ARGANDA DEL REY,MADRID,533,24.6,0.0,13.3,03:28,35.9,15:02,8.0,"1,9","7,5",15:40,34.0,69.0,Varias,21.0,Varias,"0,0",
2026-05-28,3182Y,ARGANDA DEL REY,MADRID,533,25.2,0.0,13.6,04:45,36.7,16:54,16.0,"1,1","6,1",14:20,30.0,68.0,04:50,19.0,Varias,"0,0",
2026-05-29,3182Y,ARGANDA DEL REY,MADRID,533,26.1,0.0,14.3,04:27,37.9,16:56,21.0,"1,4","6,1",11:30,27.0,69.0,04:10,17.0,Varias,"0,0",
2026-05-30,3182Y,ARGANDA DEL REY,MADRID,533,25.4,0.0,14.0,05:02,36.8,14:51,27.0,"1,1","8,3",14:50,30.0,71.0,05:10,19.0,Varias,"0,0",
2026-05-31,3182Y,ARGANDA DEL REY,MADRID,533,26.0,0.0,16.5,04:45,35.6,14:28,24.0,"2,2","9,7",12:50,33.0,70.0,04:50,16.0,Varias,"0,0",
2026-06-01,3182Y,ARGANDA DEL REY,MADRID,533,26.6,0.0,17.4,05:13,35.8,14:22,99.0,"3,1","10,8",14:50,31.0,67.0,04:50,16.0,14:40,"0,0",
2026-06-02,3182Y,ARGANDA DEL REY,MADRID,533,24.2,0.0,16.6,04:45,31.8,14:11,28.0,"2,8","10,0",15:40,36.0,71.0,05:20,24.0,14:00,"0,0",
2026-06-03,3182Y,ARGANDA DEL REY,MADRID,533,23.2,0.0,13.2,04:36,33.1,17:01,27.0,"2,5","8,6",17:50,38.0,77.0,05:20,26.0,14:30,"0,0",
2026-06-04,3182Y,ARGANDA DEL REY,MADRID,533,23.4,0.0,16.0,04:35,30.8,14:53,27.0,"4,4","10,3",11:20,37.0,73.0,04:40,22.0,13:00,"0,0",
2026-06-05,3182Y,ARGANDA DEL REY,MADRID,533,22.5,0.0,14.2,05:08,30.8,17:02,24.0,"2,8","8,6",16:30,42.0,67.0,05:00,25.0,17:10,"0,0",
2026-06-06,3182Y,ARGANDA DEL REY,MADRID,533,23.4,0.0,13.8,03:44,33.1,17:01,25.0,"1,9","6,7",13:30,41.0,79.0,06:10,22.0,17:10,"0,0",
2026-06-07,3182Y,ARGANDA DEL REY,MADRID,533,25.2,0.0,15.5,00:11,34.9,17:01,24.0,"2,2","7,2",16:20,36.0,71.0,Varias,23.0,18:00,"0,0",
2026-06-08,3182Y,ARGANDA DEL REY,MADRID,533,26.2,0.0,17.3,05:08,35.2,17:07,25.0,"3,3","9,7",15:00,34.0,77.0,05:40,14.0,16:50,"0,0",
2026-06-09,3182Y,ARGANDA DEL REY,MADRID,533,26.4,0.0,17.3,01:12,35.4,17:04,2.0,"2,8","8,9",22:50,36.0,64.0,04:30,22.0,17:00,"0,0",
2026-06-10,3182Y,ARGANDA DEL REY,MADRID,533,25.0,0.0,16.4,04:43,33.7,17:06,36.0,"1,4","10,6",19:50,33.0,63.0,04:30,22.0,15:50,"0,0",
2026-06-11,3182Y,ARGANDA DEL REY,MADRID,533,26.0,0.0,15.7,04:54,36.2,17:04,4.0,"1,7","7,8",23:00,31.0,59.0,05:20,19.0,16:30,"0,0",
2026-06-12,3182Y,ARGANDA DEL REY,MADRID,533,26.8,0.0,17.7,02:58,35.9,17:02,7.0,"2,2","9,2",12:00,31.0,48.0,03:10,22.0,17:10,"0,0",
2026-06-13,3182Y,ARGANDA DEL REY,MADRID,533,26.0,0.0,16.5,05:05,35.4,17:04,14.0,"3,1","9,7",15:20,26.0,49.0,04:20,18.0,14:50,"0,0",
2026-06-14,3182Y,ARGANDA DEL REY,MADRID,533,27.5,6.6,18.5,20:29,36.5,15:45,20.0,"3,6","13,9",17:50,38.0,84.0,21:30,22.0,Varias,"6,0",20:05
2026-06-15,3182Y,ARGANDA DEL REY,MADRID,533,24.5,0.0,16.0,04:57,33.0,17:07,9.0,"1,9","8,9",19:20,50.0,89.0,05:40,28.0,17:10,"0,0",
2026-06-16,3182Y,ARGANDA DEL REY,MADRID,533,26.8,0.0,18.5,02:10,35.0,16:39,10.0,"3,1","7,5",18:30,37.0,69.0,02:40,25.0,16:40,"0,0",
2026-06-17,3182Y,ARGANDA DEL REY,MADRID,533,28.8,0.0,20.3,05:47,37.3,17:08,11.0,"2,5","10,8",23:10,29.0,56.0,05:50,16.0,17:10,"0,0",
2026-06-18,3182Y,ARGANDA DEL REY,MADRID,533,28.8,0.0,21.0,04:54,36.6,15:03,16.0,"3,6","8,6",14:40,24.0,44.0,05:40,16.0,15:10,"0,0",
2026-06-19,3182Y,ARGANDA DEL REY,MADRID,533,29.6,0.0,20.8,05:04,38.5,17:06,11.0,"2,2","13,1",23:50,25.0,46.0,Varias,20.0,15:50,"0,0",
2026-06-20,3182Y,ARGANDA DEL REY,MADRID,533,30.8,0.0,23.2,05:18,38.4,15:15,11.0,"3,3","12,2",00:20,33.0,55.0,05:10,22.0,15:00,"0,0",
2026-06-21,3182Y,ARGANDA DEL REY,MADRID,533,31.8,0.0,23.3,05:00,40.2,16:19,11.0,"5,3","14,2",23:30,29.0,48.0,06:10,19.0,16:40,"0,0",
2026-06-22,3182Y,ARGANDA DEL REY,MADRID,533,32.6,0.0,24.0,04:02,41.1,17:10,9.0,"4,4","10,6",18:20,21.0,44.0,05:20,14.0,16:40,"0,0",
2026-06-23,3182Y,ARGANDA DEL REY,MADRID,533,31.2,0.0,20.9,05:00,41.6,15:52,12.0,"3,3","8,6",13:40,21.0,45.0,05:10,14.0,Varias,"0,0",
2026-06-24,3182Y,ARGANDA DEL REY,MADRID,533,31.2,0.0,22.3,05:09,40.2,17:07,12.0,"3,9","13,9",21:50,23.0,42.0,05:10,16.0,17:10,"0,0",
2026-06-25,3182Y,ARGANDA DEL REY,MADRID,533,27.2,0.0,20.9,23:59,33.5,15:02,14.0,"3,9","12,2",00:30,35.0,53.0,05:40,25.0,14:50,"0,0",
2026-06-26,3182Y,ARGANDA DEL REY,MADRID,533,25.8,0.0,16.5,04:34,35.0,17:07,20.0,"3,9","12,8",11:50,37.0,64.0,04:50,25.0,17:10,"0,0",
2026-06-27,3182Y,ARGANDA DEL REY,MADRID,533,27.6,5.6,17.7,04:55,37.6,17:07,22.0,"2,8","9,2",13:30,33.0,67.0,06:00,18.0,16:00,"0,0",
2026-06-28,3182Y,ARGANDA DEL REY,MADRID,533,27.5,0.0,19.2,04:26,35.8,17:08,25.0,"2,8","10,6",16:40,48.0,87.0,05:10,23.0,17:20,"18,0",03:35
2026-06-29,3182Y,ARGANDA DEL REY,MADRID,533,28.0,0.0,19.0,04:45,37.0,17:08,3.0,"2,2","8,3",02:40,37.0,69.0,05:20,23.0,17:10,"0,0",
2026-06-30,3182Y,ARGANDA DEL REY,MADRID,533,29.8,0.0,21.0,01:59,38.6,15:16,21.0,"1,4","6,7",12:50,33.0,61.0,05:20,22.0,Varias,"0,0",
2026-07-01,3182Y,ARGANDA DEL REY,MADRID,533,31.0,0.0,22.7,05:15,39.4,15:27,34.0,"2,8","12,5",19:20,33.0,58.0,05:10,23.0,Varias,"0,0",
2026-07-02,3182Y,ARGANDA DEL REY,MADRID,533,26.9,0.0,17.9,05:02,35.9,17:10,5.0,"3,6","12,2",02:40,30.0,52.0,05:10,15.0,14:50,"0,0",
2026-07-03,3182Y,ARGANDA DEL REY,MADRID,533,30.0,0.0,20.0,05:00,40.0,17:13,19.0,"1,7","8,3",14:20,27.0,50.0,05:40,16.0,17:10,"0,0",
2026-07-04,3182Y,ARGANDA DEL REY,MADRID,533,30.7,0.0,20.4,05:06,41.0,17:07,99.0,"1,4","5,8",Varias,26.0,59.0,05:30,15.0,14:40,"0,0",
2026-07-05,3182Y,ARGANDA DEL REY,MADRID,533,30.2,0.0,20.3,04:36,40.2,17:12,10.0,"1,7","6,1",15:00,27.0,51.0,04:50,18.0,Varias,"0,0",
2026-07-06,3182Y,ARGANDA DEL REY,MADRID,533,31.9,0.0,23.0,05:03,40.8,14:59,99.0,"2,2","6,1",Varias,26.0,44.0,22:50,16.0,15:40,"0,0",
2026-07-07,3182Y,ARGANDA DEL REY,MADRID,533,30.2,0.4,20.1,04:25,40.4,14:58,21.0,"2,2","18,1",16:30,30.0,60.0,03:00,17.0,16:20,"1,2",18:20
2026-07-08,3182Y,ARGANDA DEL REY,MADRID,533,28.6,0.0,17.5,04:05,39.8,15:38,99.0,"1,9","8,9",Varias,31.0,77.0,04:20,15.0,13:40,"0,0",
2026-07-09,3182Y,ARGANDA DEL REY,MADRID,533,28.4,0.0,17.5,04:56,39.3,17:01,27.0,"2,8","10,3",23:30,23.0,53.0,04:30,14.0,13:50,"0,0",
2026-07-10,3182Y,ARGANDA DEL REY,MADRID,533,29.8,0.0,22.3,24:00,37.4,16:00,7.0,"3,3","14,7",16:50,22.0,38.0,Varias,16.0,Varias,"0,0",
2026-07-11,3182Y,ARGANDA DEL REY,MADRID,533,28.4,0.0,17.7,05:33,39.0,15:07,12.0,"3,1","12,2",21:50,26.0,54.0,05:50,16.0,Varias,"0,0",
2026-07-12,3182Y,ARGANDA DEL REY,MADRID,533,28.8,0.0,22.7,05:35,34.8,15:49,12.0,"4,2","10,6",00:10,33.0,55.0,05:20,25.0,16:30,"0,0",
2026-07-13,3182Y,ARGANDA DEL REY,MADRID,533,26.9,0.0,18.7,05:09,35.1,17:08,24.0,"2,8","8,3",13:40,30.0,59.0,05:00,21.0,14:30,"0,0",
2026-07-14,3182Y,ARGANDA DEL REY,MADRID,533,27.4,0.0,16.7,05:35,38.2,17:03,22.0,"3,6","10,8",16:50,26.0,54.0,05:40,15.0,15:30,"0,0",
2026-07-15,3182Y,ARGANDA DEL REY,MADRID,533,28.0,0.0,17.9,04:30,38.1,17:08,18.0,"3,3","10,0",12:50,27.0,57.0,04:50,18.0,18:00,"0,0",
2026-07-16,3182Y,ARGANDA DEL REY,MADRID,533,28.4,0.0,20.4,05:29,36.4,17:05,22.0,"5,0","12,2",12:40,28.0,59.0,06:00,21.0,17:10,"0,0",
2026-07-17,3182Y,ARGANDA DEL REY,MADRID,533,25.8,0.0,15.2,05:20,36.4,17:05,24.0,"2,8","9,7",15:10,29.0,60.0,05:40,18.0,18:00,"0,0",
2026-07-18,3182Y,ARGANDA DEL REY,MADRID,533,26.0,0.0,15.3,05:36,36.8,15:27,24.0,"3,1","9,4",14:20,24.0,55.0,05:50,15.0,18:20,"0,0",
2026-07-19,3182Y,ARGANDA DEL REY,MADRID,533,26.0,0.0,14.4,05:11,37.6,16:39,24.0,"2,8","10,8",14:10,24.0,53.0,05:30,17.0,16:30,"0,0",
2026-07-20,3182Y,ARGANDA DEL REY,MADRID,533,26.4,0.0,15.5,04:45,37.4,17:02,21.0,"3,3","9,4",13:20,26.0,53.0,04:50,18.0,Varias,"0,0",
2026-07-21,3182Y,ARGANDA DEL REY,MADRID,533,27.8,0.0,17.5,04:22,38.1,14:52,25.0,"2,2","9,7",13:30,25.0,53.0,04:30,16.0,13:30,"0,0",
2026-07-22,3182Y,ARGANDA DEL REY,MADRID,533,29.5,0.0,19.4,05:24,39.6,15:22,26.0,"3,3","9,4",13:00,25.0,51.0,04:10,17.0,16:40,"0,0",
2026-07-23,3182Y,ARGANDA DEL REY,MADRID,533,28.7,0.0,18.6,05:05,38.8,17:02,23.0,"3,9","11,1",12:30,26.0,54.0,05:10,15.0,13:30,"0,0",
2026-07-24,3182Y,ARGANDA DEL REY,MADRID,533,26.1,0.0,18.3,04:50,33.9,14:19,25.0,"5,6","13,6",14:10,27.0,49.0,05:00,16.0,14:10,"0,0",
2026-07-25,3182Y,ARGANDA DEL REY,MADRID,533,23.6,0.0,16.7,05:17,30.4,15:35,2.0,"4,2","9,7",18:20,39.0,59.0,05:20,27.0,Varias,"0,0",
2026-07-26,3182Y,ARGANDA DEL REY,MADRID,533,23.9,0.0,14.6,05:06,33.2,17:02,20.0,"1,7","6,9",16:20,35.0,67.0,05:30,22.0,15:40,"0,0",
2026-07-27,3182Y,ARGANDA DEL REY,MADRID,533,26.2,0.0,16.1,05:33,36.4,16:59,28.0,"2,2","6,1",14:50,30.0,57.0,05:50,20.0,18:00,"0,0",
2026-07-28,3182Y,ARGANDA DEL REY,MADRID,533,28.8,0.0,18.7,04:19,39.0,15:33,26.0,"2,2","6,7",13:00,29.0,59.0,04:10,19.0,15:50,"0,0",
2026-07-29,3182Y,ARGANDA DEL REY,MADRID,533,30.6,0.0,21.4,05:35,39.7,16:55,24.0,"3,3","9,2",13:40,29.0,52.0,05:30,21.0,13:00,"0,0",
2026-07-30,3182Y,ARGANDA DEL REY,MADRID,533,30.5,0.0,20.4,05:33,40.6,16:58,20.0,"2,8","8,9",13:00,29.0,59.0,05:50,18.0,16:00,"0,0",
2026-07-31,3182Y,ARGANDA DEL REY,MADRID,533,30.0,0.0,21.9,05:29,38.2,15:50,22.0,"5,6","13,1",14:30,24.0,47.0,00:50,16.0,Varias,"0,0",
2026-08-01,3182Y,ARGANDA DEL REY,MADRID,533,28.0,0.0,16.9,05:18,39.2,15:58,22.0,"3,3","11,4",13:40,22.0,43.0,05:50,16.0,15:10,"0,0",
2026-08-02,3182Y,ARGANDA DEL REY,MADRID,533,27.4,0.0,17.3,05:33,37.5,15:43,20.0,"3,6","13,6",12:00,25.0,53.0,05:20,15.0,Varias,"0,0",
2026-08-03,3182Y,ARGANDA DEL REY,MADRID,533,28.2,0.0,22.7,05:35,33.8,15:26,24.0,"4,4","10,6",16:30,32.0,47.0,Varias,22.0,15:00,"0,0",
2026-08-04,3182Y,ARGANDA DEL REY,MADRID,533,27.3,0.0,19.9,Varias,34.7,16:06,25.0,"3,6","9,2",11:00,39.0,68.0,05:00,22.0,16:30,"0,0",
2026-08-05,3182Y,ARGANDA DEL REY,MADRID,533,27.9,0.0,18.6,03:31,37.2,16:55,99.0,"1,7","8,3",Varias,33.0,58.0,03:40,23.0,16:10,"0,0",
2026-08-06,3182Y,ARGANDA DEL REY,MADRID,533,29.2,0.0,19.3,05:42,39.2,16:32,25.0,"2,2","6,1",15:40,30.0,57.0,05:50,21.0,Varias,"0,0",
2026-08-07,3182Y,ARGANDA DEL REY,MADRID,533,30.3,0.0,21.2,05:24,39.4,15:18,99.0,"3,6","9,7",Varias,29.0,66.0,05:10,12.0,16:40,"0,0",
2026-08-08,3182Y,ARGANDA DEL REY,MADRID,533,29.1,0.0,18.8,04:53,39.4,14:37,22.0,"2,5","8,1",12:30,26.0,48.0,04:40,18.0,Varias,"0,0",
2026-08-09,3182Y,ARGANDA DEL REY,MADRID,533,29.0,0.0,20.1,05:51,37.9,15:06,28.0,"4,4","11,7",17:20,28.0,53.0,03:40,16.0,18:00,"0,0",
2026-08-10,3182Y,ARGANDA DEL REY,MADRID,533,27.6,0.0,16.5,05:04,38.7,16:53,25.0,"1,7","9,2",14:30,26.0,57.0,04:40,17.0,14:40,"0,0",
2026-08-11,3182Y,ARGANDA DEL REY,MADRID,533,27.8,0.0,18.8,04:58,36.9,16:25,23.0,"1,9","7,8",13:30,29.0,69.0,04:50,17.0,15:30,"0,0",
2026-08-12,3182Y,ARGANDA DEL REY,MADRID,533,28.0,0.0,16.6,05:13,39.3,16:44,20.0,"0,8","8,6",15:10,27.0,57.0,05:30,16.0,14:20,"0,0",
2026-08-13,3182Y,ARGANDA DEL REY,MADRID,533,31.7,0.0,22.5,05:39,40.9,14:55,21.0,"1,4","9,7",20:40,29.0,55.0,03:20,16.0,14:30,"0,0",
2026-08-14,3182Y,ARGANDA DEL REY,MADRID,533,30.2,2.0,21.1,05:43,39.4,16:49,9.0,"4,2","19,2",17:20,40.0,63.0,17:30,19.0,15:10,"7,2",17:25
2026-08-15,3182Y,ARGANDA DEL REY,MADRID,533,24.4,0.8,19.1,05:24,29.8,17:03,20.0,"3,3","10,0",11:40,51.0,73.0,03:10,37.0,16:30,"1,2",Varias
2026-08-16,3182Y,ARGANDA DEL REY,MADRID,533,26.0,0.0,16.4,05:23,35.6,14:46,22.0,"0,8","5,6",13:50,41.0,80.0,06:20,23.0,14:20,"0,0",
2026-08-17,3182Y,ARGANDA DEL REY,MADRID,533,28.6,0.0,17.9,04:27,39.3,17:20,21.0,"1,1","6,4",14:50,29.0,63.0,03:20,17.0,16:50,"0,0",
2026-08-18,3182Y,ARGANDA DEL REY,MADRID,533,30.4,0.0,20.4,05:24,40.3,15:39,24.0,"1,7","6,9",14:40,30.0,58.0,05:30,17.0,15:30,"0,0",
2026-08-19,3182Y,ARGANDA DEL REY,MADRID,533,27.9,0.0,18.7,05:25,37.1,15:24,22.0,"4,2","12,2",14:30,30.0,60.0,05:40,16.0,18:00,"0,0",
2026-08-20,3182Y,ARGANDA DEL REY,MADRID,533,25.4,0.0,18.1,05:31,32.6,13:58,24.0,"4,7","12,2",15:10,39.0,57.0,05:10,32.0,13:00,"0,0",
2026-08-21,3182Y,ARGANDA DEL REY,MADRID,533,25.5,0.0,18.6,05:49,32.4,14:50,21.0,"2,8","9,7",13:10,42.0,70.0,06:20,27.0,17:20,"0,0",
2026-08-22,3182Y,ARGANDA DEL REY,MADRID,533,26.4,0.0,18.1,05:29,34.8,15:44,99.0,"3,3","8,9",11:50,37.0,64.0,05:40,24.0,15:50,"0,0",
2026-08-23,3182Y,ARGANDA DEL REY,MADRID,533,28.2,0.0,21.4,03:44,35.0,14:58,25.0,"3,9","11,7",15:20,39.0,75.0,05:50,25.0,17:20,"0,0",
2026-08-24,3182Y,ARGANDA DEL REY,MADRID,533,23.0,0.0,16.2,05:31,29.7,13:59,25.0,"4,4","13,3",11:00,40.0,67.0,23:59,31.0,Varias,"0,0",
2026-08-25,3182Y,ARGANDA DEL REY,MADRID,533,23.7,0.0,17.3,23:59,30.1,16:21,20.0,"2,2","9,4",11:50,51.0,84.0,Varias,33.0,16:10,"0,0",
2026-08-26,3182Y,ARGANDA DEL REY,MADRID,533,22.6,1.4,14.4,04:59,30.8,14:40,22.0,"4,4","13,1",13:50,43.0,72.0,02:40,25.0,13:40,"0,0",
2026-08-27,3182Y,ARGANDA DEL REY,MADRID,533,19.2,0.4,14.1,24:00,24.4,14:11,20.0,"5,0","11,4",11:40,67.0,89.0,06:50,41.0,14:10,"3,6",06:35
2026-08-28,3182Y,ARGANDA DEL REY,MADRID,533,19.3,0.0,10.6,05:32,28.0,16:35,27.0,"1,4","6,7",15:10,46.0,86.0,06:00,28.0,18:00,"0,0",
2026-08-29,3182Y,ARGANDA DEL REY,MADRID,533,21.0,0.0,10.4,05:16,31.7,15:55,18.0,"2,2","6,7",12:40,37.0,73.0,06:00,21.0,18:00,"0,0",
2026-08-30,3182Y,ARGANDA DEL REY,MADRID,533,22.5,0.0,11.3,05:31,33.7,14:27,23.0,"3,1","10,0",14:10,33.0,62.0,06:00,22.0,15:10,"0,0",
2026-08-31,3182Y,ARGANDA DEL REY,MADRID,533,24.8,0.0,14.1,05:53,35.5,17:12,24.0,"1,7","7,8",14:00,35.0,67.0,06:00,23.0,Varias,"0,0",
2026-09-01,3182Y,ARGANDA DEL REY,MADRID,533,26.0,0.0,16.4,05:13,35.7,14:49,20.0,"2,8","11,1",14:40,35.0,66.0,05:50,21.0,Varias,"0,0",
2026-09-02,3182Y,ARGANDA DEL REY,MADRID,533,26.0,0.0,14.8,03:08,37.2,15:28,26.0,"1,7","5,8",16:40,33.0,56.0,03:40,22.0,15:00,"0,0",
2026-09-03,3182Y,ARGANDA DEL REY,MADRID,533,27.2,0.0,15.5,06:00,39.0,15:04,23.0,"2,2","10,0",13:10,29.0,60.0,04:20,15.0,Varias,"0,0",
2026-09-04,3182Y,ARGANDA DEL REY,MADRID,533,27.0,0.0,14.5,05:25,39.6,14:56,22.0,"1,1","4,4",13:50,25.0,50.0,04:50,14.0,14:40,"0,0",
2026-09-05,3182Y,ARGANDA DEL REY,MADRID,533,28.9,0.0,19.6,02:49,38.2,12:37,28.0,"2,8","9,4",13:40,32.0,47.0,02:50,20.0,12:40,"0,0",
2026-09-06,3182Y,ARGANDA DEL REY,MADRID,533,29.5,0.0,20.6,06:45,38.4,15:54,26.0,"1,7","9,4",14:00,31.0,50.0,06:50,20.0,Varias,"0,0",
2026-09-07,3182Y,ARGANDA DEL REY,MADRID,533,28.0,0.0,17.1,05:07,38.8,15:16,25.0,"1,7","8,6",14:40,32.0,58.0,05:30,20.0,15:50,"0,0",
2026-09-08,3182Y,ARGANDA DEL REY,MADRID,533,27.0,0.2,17.7,06:08,36.4,13:38,24.0,"3,1","11,9",14:40,33.0,61.0,06:50,13.0,15:00,"0,0",
2026-09-09,3182Y,ARGANDA DEL REY,MADRID,533,22.0,0.0,15.2,24:00,28.9,13:57,2.0,"3,1","13,3",19:10,46.0,76.0,06:20,29.0,17:40,"1,2",01:35
2026-09-10,3182Y,ARGANDA DEL REY,MADRID,533,19.9,0.0,10.1,05:37,29.7,15:42,3.0,"1,1","4,7",01:20,35.0,68.0,05:40,15.0,17:20,"0,0",
2026-09-11,3182Y,ARGANDA DEL REY,MADRID,533,21.0,0.0,8.9,05:20,33.2,16:37,19.0,"2,2","7,2",14:50,25.0,53.0,05:40,14.0,17:20,"0,0",
2026-09-12,3182Y,ARGANDA DEL REY,MADRID,533,24.4,0.0,14.2,04:44,34.6,17:20,24,"1,1","6,4",13:10,31,47,23:50,18,17:20,"0,0",
2026-09-13,3182Y,ARGANDA DEL REY,MADRID,533,25.8,0.0,16.3,06:33,35.2,16:01,12,"1,1","6,1",11:00,37,63,03:50,23,Varias,"0,0",
2026-09-14,3182Y,ARGANDA DEL REY,MADRID,533,25.8,0.0,15.0,05:35,36.6,16:14,25,"1,4","5,3",16:30,33,61,04:40,19,Varias,"0,0",
2026-09-15,3182Y,ARGANDA DEL REY,MADRID,533,,0.0,,,,,20,"1,7","6,9",14:10,31,58,05:00,17,Varias,"0,0",
2026-09-16,3182Y,ARGANDA DEL REY,MADRID,533,,0.0,,,,,01,"5,0","13,9",17:00,45,61,06:00,34,13:10,"0,0",
2026-09-17,3182Y,ARGANDA DEL REY,MADRID,533,,0.0,,,,,02,"1,9","9,4",01:20,44,59,23:50,33,15:10,"0,0",
2026-09-18,3182Y,ARGANDA DEL REY,MADRID,533,,0.0,,,,,25,"1,4","6,9",14:50,43,68,02:40,31,17:30,"0,0",
2026-09-19,3182Y,ARGANDA DEL REY,MADRID,533,,0.0,,,,,14,"1,7","5,6",10:50,,,,,,"0,0",
2026-09-20,3182Y,ARGANDA DEL REY,MADRID,533,,0.0,,,,,08,"1,7","7,8",15:30,,,,,,"0,0",
2026-09-21,3182Y,ARGANDA DEL REY,MADRID,533,,0.0,,,,,27,"1,7","4,7",12:50,,,,,,"0,0",
2026-09-22,3182Y,ARGANDA DEL REY,MADRID,533,,0.0,,,,,99,"1,1","5,3",Varias,,,,,,"0,0",
